,Genre,Number of Books
0,Literature & Fiction,9688
1,Action & Adventure,7270
2,Fantasy & Magic,4005
3,Fantasy,10579
4,Literary,15846
5,Satire,1313
6,Political,2021
7,Reference,3244
8,Humor & Satire,709
9,Classics,6410
10,Short Story Collections,219
11,Siblings,1011
12,1900s,323
13,Multigenerational,456
14,Subjects,21773
15,Girls & Women,1682
16,Sword & Sorcery,1487
17,Mysteries & Detectives,1374
18,Science Fiction,6004
19,Contemporary,29749
20,Books & Libraries,173
21,Family Life,3649
22,1800s,268
23,Humor,5969
24,Marriage & Divorce,137
25,Superheroes,1893
26,Schools & Teaching,567
27,Humorous,3263
28,Birds,290
29,Apes & Monkeys,111
30,Friendship,3649
31,Zoos,63
32,Self-Esteem & Self-Respect,481
33,Emotions & Feelings,1167
34,Being a Teen,869
35,Farm Animals,205
36,Science Fiction & Fantasy,3221
37,Physiology,44
38,Anatomy & Physiology,63
39,School,1046
40,Nature,424
41,Zoology,128
42,Environment,184
43,Environment & Ecology,60
44,Diseases,166
45,Romance,7506
46,Parapsychology,75
47,"Love, Sex & Marriage",285
48,Parenting & Families,219
49,Essays,1700
50,Reading & Phonics,104
51,Economics,588
52,Language Arts,54
53,Elementary Education,85
54,Vocabulary,19
55,Linguistics,229
56,Education & Reference,248
57,Coming of Age,2453
58,Historical,12076
59,Women,2014
60,Depression,99
61,Mental Illness,176
62,Bipolar,30
63,Memoirs,4151
64,Self-Help,627
65,Mood Disorders,45
66,Anthologies,3060
67,Inspirational,763
68,Medical,703
69,Entertaining & Holidays,77
70,Celebrities & TV Shows,143
71,New England,74
72,General,2730
73,Education,423
74,Literature,1705
75,Library & Information Science,24
76,Instruction Methods,211
77,Library Management,12
78,"New, Used & Rental Textbooks",677
79,Web Services,6
80,Orphans & Foster Homes,306
81,Social & Family Issues,508
82,United States,25122
83,Psychological Thrillers,2590
84,Children's Books,1899
85,Other Religious Fiction,56
86,DC,932
87,Violence,192
88,Bullying,113
89,Comic Books,345
90,Science Fiction & Dystopian,872
91,Rabbits,162
92,Study Skills,40
93,Short Stories,3015
94,Horror,4033
95,Suspense,9484
96,Genetic Engineering,334
97,Ghosts,1252
98,Contemporary Fiction,1416
99,"Mystery, Thriller & Suspense",1852
100,Romantic,5137
101,Mystery & Detective,903
102,Mystery & Thriller,305
103,Paranormal & Urban,5359
104,Fantasy & Supernatural,404
105,Categories,728
106,Time Travel,657
107,Murder,1985
108,Legal,571
109,British Detectives,1177
110,British & Irish,1998
111,American,1092
112,Teen & Young Adult,4457
113,Epistolary,90
114,Classics & Allegories,92
115,Contemporary Women,6128
116,Women's Fiction,2609
117,Psychological,816
118,Domestic Life,1930
119,Breeds,70
120,Mothers & Children,389
121,Sisters,318
122,Death & Dying,570
123,Family,825
124,Growing Up & Facts of Life,403
125,Survival Stories,461
126,Self Esteem & Reliance,308
127,Dystopian,1112
128,"TV, Movie, Video Game Adaptations",1451
129,Australia & Oceania,507
130,Mystery,4779
131,Children's Literature,57
132,History & Criticism,1043
133,State & Local,1087
134,Olympic Games,24
135,History of Sports,123
136,Boating,19
137,Financial Risk Management,5
138,Investing,120
139,Free Enterprise,44
140,Banks & Banking,40
141,Theory,321
142,Company Profiles,220
143,White Collar Crime,25
144,Ethics,247
145,Management,570
146,Politics & Government,298
147,Oil & Energy,27
148,Natural Resource Extraction,6
149,Finance,213
150,Economic History,189
151,Government & Business,42
152,Decision-Making & Problem Solving,168
153,Customer Relations,61
154,Strategy & Competition,54
155,Industrial,22
156,Leadership,518
157,Decision Making,145
158,Strategic Planning,118
159,Systems & Planning,145
160,Social Psychology & Interactions,231
161,Applied Psychology,125
162,Personality,170
163,Consolidation & Merger,6
164,Business,398
165,Operations Research,16
166,Web Marketing,71
167,E-Commerce,119
168,Technology,492
169,Retailing,67
170,Organizational Learning,33
171,History,3124
172,Workplace Culture,110
173,Motivational,1084
174,Social Sciences,1104
175,Economic Conditions,199
176,Globalization,136
177,Engineering,501
178,Environmental Economics,79
179,Sustainable Development,24
180,Cycling,71
181,Biographies & Memoirs,1051
182,Biographies,597
183,Scientists,231
184,Patents & Inventions,32
185,Aerospace,16
186,Aeronautics & Astronautics,63
187,Educators,77
188,Death,210
189,Grief & Bereavement,146
190,Espionage,1275
191,Organized Crime,306
192,Crime,2726
193,Women's Adventure,244
194,Thriller & Suspense,1741
195,Conspiracies,387
196,Assassinations,333
197,English as a Second Language,262
198,Personal Transformation,1306
199,Authors,1193
200,Travel Writing,690
201,Travelers & Explorers,788
202,Expeditions & Discoveries,124
203,Adventure,3022
204,Pacific,68
205,Computers & Technology,234
206,Advertising,140
207,Marketing,214
208,Sociology,906
209,Christian Books & Bibles,106
210,Thrillers & Suspense,1121
211,Performing Arts,1522
212,Film & Video Art,63
213,Movies,172
214,Animation,34
215,How To Create Comics & Manga,80
216,Historical & Biographical Fiction,156
217,Genre Films,82
218,Professionals & Academics,17
219,Culinary,486
220,Divorce,157
221,Sagas,953
222,Historical Fiction,663
223,Hard-Boiled,886
224,Private Investigators,696
225,Biographical,779
226,Holidays,828
227,Sea Adventures,181
228,Police Procedurals,1843
229,Self-Help & Psychology,225
230,Computers & Internet,31
231,Actors & Entertainers,1269
232,Humor & Entertainment,1208
233,Child Abuse,103
234,True Crime,279
235,Television Performers,561
236,Television,131
237,Sex,187
238,Abuse,189
239,Dysfunctional Relationships,63
240,Shows,117
241,Aliens,119
242,Religion & Spirituality,3351
243,"Paranormal, Occult & Supernatural",185
244,Values & Virtues,176
245,Greek & Roman,397
246,Interpersonal Relations,346
247,Love & Romance,341
248,Marriage,295
249,Nature & the Natural World,79
250,Social Issues,870
251,Scary Stories,149
252,Boys & Men,394
253,Visionary & Metaphysical,25
254,Myths & Legends,324
255,Paranormal,6222
256,Paranormal & Fantasy,443
257,Self-Esteem,293
258,Other,85
259,Spine-Chilling Horror,855
260,German,490
261,Japanese,185
262,Asian American,137
263,Family Saga,2160
264,War,1235
265,Military,3287
266,Spanish & Portuguese,243
267,Journalists,289
268,Russia,203
269,Occult,844
270,Middle East,270
271,Iran,42
272,Women in History,511
273,Biographies & History,173
274,Arts & Photography,253
275,Foreign Language Fiction,4162
276,Catalan,10
277,Europe,1264
278,Soccer,112
279,Deportes,4
280,Exploration,159
281,Hard Science Fiction,712
282,Epic,3583
283,International Mystery & Crime,586
284,Serial Killers,707
285,Women Sleuths,4165
286,Technothrillers,374
287,Magical Realism,302
288,Fiction,820
289,Movements & Periods,800
290,Criticism & Theory,1864
291,Research,202
292,Communication & Media Studies,387
293,Processes & Infrastructure,59
294,Production & Operations,33
295,Organizational Behavior,17
296,Experiments & Projects,28
297,Birdwatching,45
298,Organic,96
299,Letters & Correspondence,16
300,Poetry,1048
301,European,885
302,Letters,117
303,Spanish,605
304,Criticism,501
305,Lesbian,1039
306,Nature Writing & Essays,165
307,Runaways,108
308,Christmas,412
309,Drama & Theater,27
310,Dragons,192
311,Animals,1382
312,Halloween,303
313,Kindle eBooks,59
314,Dark Fantasy,643
315,Holocaust,400
316,Prejudice & Racism,255
317,Values,381
318,Military & Wars,203
319,Holiday Toy List,18
320,Boats & Ships,46
321,Foreign Language Study & Reference,736
322,Book Industry,26
323,Parents,699
324,Energy Production & Extraction,11
325,Corporate Law,3
326,Company Histories,37
327,Energy,2
328,Motivation & Self-Improvement,312
329,Personal Finance,331
330,Success,635
331,"Health, Fitness & Dieting",571
332,Forensic Psychology,29
333,Murder & Mayhem,450
334,Regency,1454
335,Mathematics,221
336,Programming Languages,214
337,Operating Systems,37
338,Programming,59
339,Software,132
340,New Experiences,553
341,Wizards & Witches,288
342,Illustration,121
343,World War II,630
344,Jewish,532
345,Guides,307
346,Budgeting & Money Management,97
347,Time Management,92
348,War & Military,639
349,Manga,1376
350,Political Science,556
351,Political Freedom,64
352,Journalism & Nonfiction,149
353,Techniques,94
354,Cultural,503
355,Organizational Change,33
356,Structural Adjustment,26
357,Nature Writing,14
358,Aesthetics,61
359,Pictorial,102
360,Travel,808
361,India,119
362,Civilization & Culture,145
363,Psychology,303
364,Occupational & Organizational,37
365,Consumer Behavior,74
366,Social Theory,38
367,Behavioral Psychology,59
368,Crafts & Hobbies,287
369,Activity Books,699
370,Scrapbooking & Stamping,1
371,Buildings,50
372,Cooking Methods,79
373,Race Relations,29
374,Writing Skills,216
375,Gay,1707
376,Alcoholism,48
377,Child Psychology,145
378,Grammar,86
379,Creative Writing & Composition,159
380,Creativity,189
381,Authorship,124
382,Other Media,2
383,Art,473
384,Business of Art,19
385,Individual Artists,526
386,Business & Professional,73
387,Manufacturing,39
388,Quality Control,44
389,Japan,118
390,Exports & Imports,7
391,International Business,29
392,Urban,832
393,Specific Demographics,226
394,France,211
395,Thrillers,775
396,East South Central,8
397,Westerns,1172
398,French,679
399,South America,29
400,Anthropology,259
401,Irish,100
402,Environmentalism,144
403,Conservation,203
404,Rural Life,17
405,Environmentalists & Naturalists,66
406,Caribbean & Latin American,207
407,Novelty,2
408,Great Britain,495
409,"Artists, Architects & Photographers",232
410,African-American Studies,369
411,Entrepreneurship,381
412,Hispanic,138
413,African American,478
414,African-American & Black,277
415,Small Town & Rural,296
416,Criminology,418
417,Customs & Traditions,153
418,Psychology & Counseling,820
419,Feminist Theory,235
420,Leaders & Notable People,18
421,Social Activists,121
422,U.S. Presidents,238
423,Romantic Comedy,2565
424,Gothic,735
425,English Literature,519
426,Historical Romance,810
427,Western,1042
428,Victorian,385
429,Ancient World,55
430,20th Century,474
431,Sports,1118
432,Romantic Suspense,3711
433,Scottish,547
434,Single Women,368
435,Romantic Erotica,1029
436,Medieval,596
437,Fairy Tales,316
438,Mythology & Folk Tales,728
439,Communications,258
440,Dark Horse,501
441,Comics & Graphic Novels,1114
442,Media Tie-In,1265
443,Urban Life,512
444,BDSM,423
445,Pregnancy,43
446,New Adult & College,2682
447,Vampires,1773
448,Werewolves & Shifters,1870
449,Mystery & Suspense,666
450,Heist,123
451,Kidnapping,334
452,Terrorism,580
453,Vigilante Justice,102
454,Metaphysical,54
455,Metaphysical & Visionary,399
456,Motherhood,188
457,Religious,927
458,Tribal & Ethnic,15
459,Asian,441
460,British,280
461,Specialty Boutique,937
462,"Fairy Tales, Folk Tales & Myths",939
463,Music,285
464,Art & Music,71
465,Men's Adventure,205
466,Fairy Tales & Folklore,166
467,Royalty,424
468,Broadway & Musicals,46
469,Musicals,46
470,Songbooks,38
471,Voice,50
472,Stagecraft,22
473,Media Tie-In & Adaptations,433
474,Theology,421
475,New Thought,169
476,Occult & Paranormal,307
477,Mental & Spiritual Healing,169
478,Other Eastern Religions & Sacred Texts,64
479,Hinduism,41
480,Bhagavad Gita,10
481,Inspirational & Religious,118
482,Happiness,369
483,Rituals & Practice,73
484,Cosmology,140
485,Philosophy,629
486,Astrophysics & Space Science,119
487,Historical Study & Educational Resources,444
488,Shakespeare,269
489,Cozy,1083
490,Spies & Politics,292
491,"Herbs, Spices & Condiments",40
492,World,1190
493,Literary Fiction,148
494,Thriller,521
495,Sea Stories,224
496,Supernatural,813
497,Cultural Heritage,386
498,Single Authors,572
499,General Humor,655
500,Russian,157
501,Jewish American,22
502,Furniture,9
503,Short Stories & Anthologies,55
504,Gay Fiction,804
505,Lesbian Fiction,124
506,African,236
507,Bible Study,173
508,Upanishads,4
509,Indian,96
510,Screenwriting,78
511,Native American,309
512,Mammals,249
513,Asia,453
514,Gothic & Romantic,80
515,Detective,150
516,Christian,637
517,LGBT,417
518,Gardening & Landscape Design,29
519,Chapter Books,658
520,19th Century,133
521,Horses,272
522,"Science, Nature & How It Works",175
523,Erotica,1083
524,Stepfamilies,88
525,Clean & Wholesome,252
526,Law & Crime,216
527,Space Opera,1646
528,Mental Health,213
529,Clinical Psychology,92
530,Self Help,255
531,Africa,284
532,"Psychotherapy, TA & NLP",111
533,Dating & Sex,852
534,School & Education,147
535,Genre Fiction,82
536,World Literature,85
537,Steampunk,214
538,New Experience,82
539,Depression & Mental Illness,154
540,Physical & Emotional Abuse,132
541,Suicide,106
542,Dungeons & Dragons,100
543,Space Marine,198
544,Intermediate Readers,114
545,Homeschooling,70
546,Family Activities,33
547,Parent Participation,31
548,Education Theory,125
549,Home Schooling,28
550,Bullies,145
551,Gay & Lesbian,474
552,Survival & Emergency Preparedness,28
553,Demons & Devils,232
554,Witches & Wizards,518
555,Women in Islam,38
556,Human Geography,116
557,Women's Studies,510
558,Rich & Famous,294
559,Alien Invasion,418
560,First Contact,355
561,Alternate History,309
562,Iraq War,129
563,U.S. Regional,146
564,Cooking,171
565,Parodies,208
566,Homelessness & Poverty,84
567,Mate Seeking,52
568,Asian & Asian American,77
569,Poverty,97
570,Intelligence & Espionage,186
571,Canada,71
572,History & Theory,455
573,Pets,273
574,Dogs,652
575,Penology,6
576,Comedians,37
577,Comedy,257
578,Actors & Actresses,74
579,Exercise & Fitness,70
580,Sports Psychology,31
581,Anatomy,136
582,Other Diets,428
583,Food Science,109
584,Politics & Social Sciences,256
585,Nutrition,228
586,Entertainment,15
587,Popular Culture,652
588,Theatre,57
589,Parenting,351
590,History & Philosophy,507
591,Atheism,66
592,Wildlife,76
593,Brain Cancer,3
594,Fauna,107
595,Ghosts & Hauntings,60
596,Biological Sciences,28
597,Reincarnation,61
598,Spiritualism,139
599,Ghosts & Haunted Houses,9
600,Science & Math,138
601,Science & Religion,84
602,Journalism,54
603,Astral Projection,7
604,Sexuality,193
605,Ethnic & National,220
606,Parenting & Relationships,804
607,Communication,94
608,Creativity & Genius,84
609,Amateur Sleuths,881
610,Cognitive Psychology,293
611,Biology,357
612,Neuroscience,85
613,Memory Improvement,27
614,Philanthropy & Charity,34
615,Funding,16
616,Pakistan,22
617,Non-Governmental Organizations,9
618,India & South Asia,30
619,Film,61
620,Foxes & Wolves,92
621,Pigs,118
622,Trains,41
623,Bears,329
624,Dr. Seuss,81
625,Cats,489
626,Beginner Readers,696
627,Stories In Verse,221
628,Theater,235
629,Essays & Commentary,53
630,Physics,183
631,Science & Scientists,19
632,Netherlands,16
633,Germany,294
634,Christianity,423
635,Life,9
636,Horticulture,13
637,Plants,34
638,Botany,94
639,Ecology,137
640,Sports & Outdoors,294
641,Environmental Science,123
642,Ecotourism,38
643,Excursion Guides,98
644,Instructional,60
645,Forensic Medicine,33
646,Restaurant & Food,27
647,Human Resources,63
648,Agriculture,53
649,Social Work,72
650,"Hospitality, Travel & Tourism",77
651,Running & Jogging,128
652,"Lions, Tigers & Leopards",53
653,Vegetables,165
654,Post-Apocalyptic,585
655,English,30
656,History of Books,28
657,Midwest,88
658,Mid-Atlantic,19
659,Healthy Living,46
660,Diets,19
661,Hoaxes & Deceptions,53
662,Lawyers & Criminals,54
663,Australian,42
664,Cell Biology,21
665,Medical Ethics,30
666,Cancer,57
667,Detectives,53
668,Canadian,213
669,Probability & Statistics,80
670,Econometrics,15
671,Sales & Selling,101
672,Crime & Criminals,240
673,Hispanic American,35
674,Business & Money,233
675,Substance Abuse,140
676,Special Needs,335
677,Apologetics,105
678,Taoism,42
679,New Age & Spirituality,495
680,Jamaica,4
681,Track & Field,45
682,Space Exploration,70
683,Colonization,231
684,Space Fleet,225
685,Discipleship,115
686,Marvel,816
687,Science & Technology,113
688,Psychics,417
689,Cyberpunk,176
690,Buddhism,153
691,Equestrian,31
692,Crystals,10
693,Gaia,10
694,Spiritual,264
695,Guides & Reviews,154
696,Meditations,161
697,Meditation,217
698,"Cleaning, Caretaking & Relocating",68
699,Spirituality,117
700,Stress Management,108
701,Documentaries,25
702,Sexual Abuse,73
703,Adaptations,288
704,Civil War,86
705,American Civil War,91
706,Australian & Oceanian,44
707,Emigration & Immigration,102
708,Reference & Collections,38
709,Children's eBooks,258
710,Australia,7
711,Style & Clothing,78
712,Fashion Design,226
713,Fashion,136
714,Dating & Intimacy,22
715,Emotions,160
716,Drugs & Alcohol Abuse,124
717,Drugs,38
718,Decorating & Design,17
719,Mormonism,108
720,Arts & Humanities,78
721,Bibles,102
722,Equipment,22
723,Chinese,155
724,China,153
725,Blended Families,17
726,Geography & Cultures,21
727,Multicultural,1173
728,Ethnic Studies,161
729,"Death, Grief & Loss",19
730,Special Diet,138
731,Diets & Weight Loss,21
732,Negotiating,40
733,Star-Gazing,26
734,Astronomy,192
735,Business Writing,12
736,Law Enforcement,116
737,Etiquette,17
738,Arctic & Antarctica,40
739,Monsters,63
740,Ancient & Classical,304
741,Mythology,126
742,Psychoanalysis,109
743,"Words, Language & Grammar",352
744,Native North & South Americans,87
745,Autism & Asperger's Syndrome,45
746,Conflict Management,41
747,Conflict Resolution,58
748,Disabilities,45
749,Labor & Industrial Relations,41
750,Mountain Climbing,118
751,Free Shippping Products,12
752,Nonfiction,130
753,Egypt,106
754,Israel & Palestine,89
755,Statistics,90
756,Adventurers & Explorers,25
757,Turkey,23
758,Comic Strips,607
759,"Yaoi, Gay & Lesbian",66
760,Anthologies & Short Stories,217
761,Gay Romance,1019
762,Crime & Mystery,52
763,Colonial & Revolutionary Periods,34
764,Colonial,83
765,Norse,38
766,Arthurian,160
767,Children's Cookbooks,46
768,Gourmet,57
769,"English, Scottish & Welsh",31
770,Quick & Easy,203
771,Animal Psychology,14
772,Entomology,25
773,Ornithology,15
774,Government,125
775,Comparative Politics,52
776,North,28
777,International Relations,113
778,Non-US Legal Systems,51
779,Natural Foods,128
780,Physical,36
781,International,94
782,Military Sciences,22
783,Microbiology,40
784,Immune Systems,8
785,Genetics,70
786,Fascism,37
787,Race & Ethnicity,2
788,Korea,11
789,Asian American Studies,37
790,General Surgery,27
791,Epidemiology,23
792,Consciousness & Thought,144
793,Astronautics & Space Flight,46
794,Neurology,43
795,Evolution,225
796,Commerce,20
797,Middle Eastern,262
798,"Other Religions, Practices & Sacred Texts",11
799,Dancers,30
800,Classical,67
801,Martial Arts,150
802,General & Reference,75
803,Greek,46
804,Folklore & Mythology,309
805,Relativity,46
806,Biotechnology,33
807,Biology & Life Sciences,89
808,American Literature,220
809,Aging,59
810,Acting & Auditioning,72
811,Civil Rights & Liberties,146
812,Worship & Devotion,199
813,Spiritual Growth,515
814,Healing,88
815,Holistic,19
816,Mysticism,188
817,Weather,174
818,Alchemy,10
819,Superhero,59
820,Educational & Nonfiction,81
821,"Diseases, Illnesses & Injuries",33
822,Disabilities & Special Needs,14
823,Pathologies,202
824,Neuropsychology,147
825,Marriage & Long-Term Relationships,25
826,Difficult Discussions,16
827,Cakes,63
828,Trivia & Fun Facts,43
829,Graphic Design,136
830,Art Books,14
831,Graphic Novels,730
832,New Business Enterprises,55
833,"Mice, Hamsters, Guinea Pigs & Squirrels",307
834,Sleep,358
835,Counting,110
836,Farm Life,136
837,Colors,81
838,Ducks & Other Waterfowl,96
839,Moving,117
840,"Cars, Trains & Things That Go",60
841,Illness,124
842,Dance,150
843,Heart Disease,8
844,Non-religious,124
845,Time,33
846,Elephants,85
847,New Baby,119
848,Frogs & Toads,68
849,Ancient Civilizations,163
850,Classroom Supplies,7
851,Fish,58
852,Hispanic & Latino,111
853,Social Skills,274
854,Manners,142
855,Imagination & Play,20
856,Dinosaurs,162
857,Bugs & Spiders,162
858,Baby Animals,29
859,Adoption,164
860,Personal Hygiene,107
861,Reading & Writing,77
862,Rotors,1
863,History & Surveys,277
864,C & C++ Windows Programming,33
865,Financial,92
866,Telecommunications & Sensors,58
867,Drama,128
868,Christian Living,638
869,Introduction,138
870,Direction & Production,161
871,Movie Directors,109
872,Women & Business,45
873,World War I,119
874,Museum Studies & Museology,13
875,Cultural Policy,10
876,Nature & Ecology,112
877,Mineralogy,6
878,Geology,38
879,Rocks & Minerals,22
880,Christology,81
881,Church History,274
882,Political Ideologies,96
883,Democracy,116
884,Hacking,32
885,Crop Science,6
886,Geography,65
887,American Revolution,62
888,Revolution & Founding,117
889,Colonial Period,82
890,Art Therapy & Relaxation,17
891,Religious & Inspirational,11
892,"Collections, Catalogs & Exhibitions",189
893,Women Authors,227
894,Art & Architecture,29
895,Holidays & Celebrations,99
896,Screenplays,40
897,Beat Generation,22
898,Movie Tie-Ins,128
899,England,306
900,Nuclear Physics,19
901,Racing,30
902,Executive Branch,123
903,Presidents & Heads of State,77
904,U.K. Prime Ministers,10
905,Dictionaries & Thesauruses,48
906,Oceans & Seas,39
907,Natural Disasters,54
908,Fisheries & Aquaculture,5
909,Sleep Disorders,17
910,Urology,4
911,Literary Criticism & Collections,115
912,Pulp Nonfiction,8
913,Playwriting,48
914,Electricity & Electronics,4
915,Writing,131
916,Call of Cthulhu,4
917,Gaming,42
918,Strategy Guides,26
919,Teenagers,84
920,General Broadcasting,70
921,Games & Strategy Guides,56
922,Calculus,25
923,Collections,26
924,Anthologies & Collections,57
925,Mashups,31
926,Aviation,85
927,Miniatures,7
928,Models,10
929,Communism & Socialism,125
930,Heavy Metal,38
931,Rock,488
932,LGBT Issues,70
933,Chemical,12
934,Tibet,9
935,Swimming,11
936,Ancient,185
937,Booksellers & Bookselling,80
938,Metaphysics,98
939,Tao Te Ching,15
940,New Age,32
941,Transformational,3
942,Near-Death Experiences,30
943,Eschatology,48
944,Energy Healing,38
945,Cognitive,177
946,Counseling & Psychology,38
947,Dark Humor,126
948,Encyclopedias,53
949,Men,53
950,Gender Studies,217
951,Knitting,83
952,Amish & Mennonite,131
953,Christian Fiction,140
954,Amish,178
955,Devotionals,233
956,Civil War Period,8
957,Prehistory,35
958,Eastern,123
959,Management & Leadership,41
960,Mexican,17
961,Dramas & Plays,221
962,Country Life,80
963,Folding Knives,1
964,Political Economy,111
965,Macroeconomics,33
966,Places,20
967,Love Poems,93
968,Themes & Styles,42
969,Limericks & Humorous Verse,36
970,Movements,20
971,Pain Medicine,14
972,Judaism,99
973,Counseling,119
974,Violence in Society,107
975,Class,104
976,Mid Atlantic,138
977,Commentary & Opinion,208
978,Image Comics,335
979,Zombies,94
980,Drilling Procedures,3
981,Norse & Viking,28
982,Nanostructures,6
983,Tudor,73
984,Scientology,17
985,Scandinavian,50
986,Kenya,19
987,West Africa,2
988,Jobs & Careers,128
989,"Writing, Research & Publishing Guides",26
990,Discrimination & Racism,187
991,Spies,50
992,Collections & Anthologies,472
993,Series,390
994,African-American,307
995,Nursery Rhymes,58
996,Colonial & Revolutionary,39
997,Valentine's Day,70
998,Cartoons,57
999,Comic Strips & Cartoons,45
1000,City & Town Life,59
1001,Peer Pressure,136
1002,Monographs,61
1003,Individual Photographers,128
1004,Photography,117
1005,Graffiti & Street Art,12
1006,"Collections, Catalogues & Exhibitions",110
1007,Figure Drawing,24
1008,Study & Teaching,145
1009,Specific Objects,16
1010,Drawing,128
1011,Architecture,209
1012,Conceptual,14
1013,Rap & Hip-Hop,27
1014,Photography & Video,73
1015,Rap,28
1016,Drug Guides,2
1017,Drug Dependency,49
1018,Herbal Remedies,46
1019,"Beauty, Grooming, & Style",81
1020,Bisexual,22
1021,Minority Studies,105
1022,Marriage & Family,113
1023,Catholicism,165
1024,Behavioral Sciences,164
1025,Norse & Icelandic Sagas,18
1026,Censorship,67
1027,Church & State,71
1028,Conservatism & Liberalism,189
1029,"Religion, Politics & State",68
1030,Ethics & Morality,271
1031,Ideologies & Doctrines,62
1032,Istanbul,2
1033,Renaissance,76
1034,Fencing,3
1035,Eastern Philosophy,14
1036,Military Science,11
1037,Strategy,118
1038,Angels & Spirit Guides,73
1039,Erotic,9
1040,Financial Services,7
1041,Analysis & Strategy,13
1042,Social History,47
1043,Bonds,19
1044,Stocks,80
1045,Mutual Funds,8
1046,Corporate Finance,35
1047,Accounting,71
1048,Risk Management,13
1049,Free Will & Determinism,41
1050,Themes,59
1051,Painting,76
1052,Art History,125
1053,Gluten Free,92
1054,Vegan & Vegetarian,22
1055,Vegan,112
1056,Allergies,83
1057,Raw,20
1058,Traditional Detectives,235
1059,Crime Fiction,214
1060,Country & Ethnic,18
1061,Theories of Humor,12
1062,Women Writers,134
1063,Marine Life,157
1064,Flutes,1
1065,Anthologies & Literature Collections,121
1066,Fishing,16
1067,Instruction & Study,39
1068,Piano,66
1069,Jazz,67
1070,Songwriting,15
1071,Composition,11
1072,Instruments,13
1073,Galactic Empire,152
1074,Recording & Sound,19
1075,Electronics,47
1076,Business & Finance,212
1077,Media & Communications,50
1078,Film & Television,167
1079,"Biographies, Diaries & True Accounts",26
1080,C++,24
1081,Early Childhood,142
1082,Dysfunctional Families,36
1083,Rural,44
1084,Play & Scriptwriting,24
1085,West,126
1086,Mountain,35
1087,Native American Studies,125
1088,Dogs & Wolves,10
1089,Rivers,42
1090,Climatology,33
1091,Sustainable Living,54
1092,Home Improvement & Design,64
1093,Natural History,79
1094,Social Philosophy,49
1095,Endangered Species,18
1096,Environmental,48
1097,Travel with Pets,13
1098,Montana,2
1099,Religious History,23
1100,Circus,8
1101,Road Travel,29
1102,Popular,176
1103,Punk,46
1104,Natural Resources,28
1105,Animal Rights,43
1106,Non-Vegan Vegetarian,103
1107,Hunting & Fishing,14
1108,South,155
1109,Atmospheric Sciences,38
1110,Disaster Relief,61
1111,Encyclopedias & Subject Guides,46
1112,Mountains,13
1113,Literary & Religious,24
1114,Park & Recreation,3
1115,Industries,51
1116,Outdoors & Nature,10
1117,Deserts,5
1118,Microeconomics,21
1119,Central,6
1120,Health,117
1121,Death & Grief,89
1122,Men's Inspirational,3
1123,Biography,41
1124,Love & Loss,94
1125,Relationships,57
1126,Multicultural & Interracial,474
1127,Business Development,22
1128,Development & Growth,68
1129,"Fantasy, Horror & Science Fiction",104
1130,"Crime, Thriller & Mystery",55
1131,Italian,282
1132,Foreign Languages,134
1133,Foreign Language Dictionaries & Thesauruses,102
1134,Men's Issues,32
1135,Faith,124
1136,Religious Studies,211
1137,Protestant,6
1138,Evangelism,80
1139,Journal Writing,13
1140,Coloring Books for Grown-Ups,38
1141,Video Games,8
1142,Fantagraphics,110
1143,Art of Comics and Manga,23
1144,Negocios y Economía,5
1145,Autoayuda y Desarrollo Personal,9
1146,Medical eBooks,6
1147,Industrial Relations,24
1148,Running Meetings & Presentations,43
1149,Economic Policy & Development,107
1150,Economic Policy,100
1151,Islam,131
1152,Sufism,47
1153,Babysitting,63
1154,Explore the World,122
1155,Religious & Inspirational Fiction,58
1156,Roman Catholicism,35
1157,Civil Rights,47
1158,Lawyers & Judges,53
1159,Afghan War,80
1160,Wine & Spirits,18
1161,Air Travel,13
1162,Astronomy & Space Science,2
1163,Trivia,90
1164,Income Inequality,20
1165,Comparative,12
1166,Water Supply & Land Use,7
1167,Water Quality & Treatment,7
1168,Secondary Education,43
1169,Alternative History,85
1170,Angels,153
1171,United Kingdom,5
1172,Ireland,11
1173,Internet & Social Media,41
1174,Windows Desktop,10
1175,Electronic Documents,4
1176,Web Design,75
1177,Computer Science,232
1178,Folklore,76
1179,College Guides,11
1180,Student Life,33
1181,Dating,55
1182,Noah's Ark,5
1183,Religion,97
1184,Science & Mathematics,181
1185,Modern,289
1186,Epistemology,48
1187,Greece,93
1188,Hymns & Hymnals,3
1189,Salvation Theory,53
1190,New Testament,160
1191,"Jesus, the Gospels & Acts",36
1192,Harlequin Presents,43
1193,Harlequin Special Releases,27
1194,Harlequin Desire,35
1195,Harlequin Kimani Romance,20
1196,Pets & Animal Care,23
1197,Star Wars,57
1198,Composers & Musicians,119
1199,Schizophrenia,25
1200,Protestantism,27
1201,Divination,32
1202,Weight Loss,317
1203,Medical Books,109
1204,Naturopathy,25
1205,ESP,54
1206,Hypnosis,10
1207,Churches & Church Leadership,32
1208,Personal Growth,225
1209,Catholic,11
1210,Genres & Styles,5
1211,Foreign & International Law,30
1212,Diaries & Journals,30
1213,Rites & Ceremonies,25
1214,Ritual,55
1215,Social Services & Welfare,153
1216,Women & Judaism,14
1217,Meats,27
1218,Burgers & Sandwiches,25
1219,Interactive Adventures,11
1220,Europe & Russia,9
1221,City Life,155
1222,"Cookbooks, Food & Wine",192
1223,Fruits,39
1224,Sense & Sensation,57
1225,U. S. Presidents & First Ladies,32
1226,Drafting & Presentation,45
1227,Social Policy,41
1228,Demography,15
1229,Abortion & Birth Control,19
1230,Cognitive Neuroscience & Cognitive Neuropsychology,2
1231,Diplomacy,52
1232,How Things Work,14
1233,Mystery & Wonders,25
1234,Multicultural Stories,69
1235,Inventions & Inventors,20
1236,Civil War Era,18
1237,Airbrush,1
1238,Family Relationships,43
1239,Toilet Training,10
1240,Stories About Toys,8
1241,Ficción Histórica,21
1242,Parent & Adult Child,33
1243,Codependency,26
1244,Education & Teaching,94
1245,Patchwork,16
1246,Professional Cooking,24
1247,Dining,37
1248,California,25
1249,Baseball,261
1250,Basketball,103
1251,Greeting Cards,2
1252,Adult Children of Alcoholics,12
1253,Parenting Girls,92
1254,Political Parties,67
1255,Humanism,62
1256,Jewish Life,21
1257,Comics & Manga,114
1258,Study Guides,99
1259,Criminals,37
1260,"Equipment, Techniques & Reference",203
1261,Plants & Animals,90
1262,Astronomy & Astrophysics,61
1263,Forests & Trees,29
1264,Video,16
1265,Instruction,213
1266,"Crafts, Hobbies & Home",42
1267,Portraits,94
1268,Photo Essays,145
1269,Nature & Wildlife,8
1270,Portraits & Selfies,5
1271,Celebrities,19
1272,Nashville,3
1273,Words,59
1274,Astronomy & Space,3
1275,Football (American),95
1276,Surveying & Photogrammetry,8
1277,Nigeria,3
1278,State,21
1279,South Atlantic,27
1280,Thanksgiving,93
1281,Federal Government,47
1282,Sounds,32
1283,Easter,62
1284,Poker,11
1285,Children's Health,25
1286,Doctors & Medicine,29
1287,Hydrology,7
1288,Oceanography,12
1289,Games,54
1290,Camping,24
1291,Seasons,63
1292,Basic Concepts,98
1293,Criticism & Essays,30
1294,Pornography,23
1295,Alligators & Crocodiles,35
1296,Insects & Spiders,16
1297,Alphabet,102
1298,Mid-Life,10
1299,Landscapes,32
1300,Appetizers,10
1301,Soups & Stews,17
1302,Workplace,9
1303,Tokyo,6
1304,Personality Disorders,22
1305,Flash Photography,2
1306,Military & Spies,58
1307,Army,8
1308,Gardening,37
1309,Cooking for One or Two,34
1310,Slow Cookers,30
1311,Low Fat,79
1312,Spirits,41
1313,Cooking Education & Reference,56
1314,Architectural,20
1315,Desserts,67
1316,Hawaii,4
1317,Pictorials,33
1318,Tourist Destinations & Museums,53
1319,Philadelphia,4
1320,Parks & Campgrounds,24
1321,Phoenix,1
1322,Oceania,20
1323,Psychopathology,69
1324,Anxiety Disorders,45
1325,Anxieties & Phobias,29
1326,Food Additives,4
1327,Gardening & Horticulture,2
1328,Size & Shape,33
1329,Central & South America,30
1330,Cars & Trucks,41
1331,Mediterranean,23
1332,Turtles,40
1333,Fossils,18
1334,Prehistoric,6
1335,Water Sports,42
1336,National,107
1337,Public Affairs & Policy,77
1338,Twelve-Step Programs,19
1339,Money & Saving,23
1340,Math,44
1341,Money,14
1342,Children's,21
1343,Sculpture,22
1344,Fatherhood,56
1345,Parenting Boys,49
1346,Nude Photography,6
1347,Bedtime & Dreaming,22
1348,Alternative Medicine,72
1349,Diseases & Physical Ailments,45
1350,System Theory,12
1351,Disabled,42
1352,Hardware & DIY,5
1353,Mechanics,30
1354,Scientific Instruments,3
1355,Planes & Aviation,31
1356,Coffee & Tea,26
1357,Farming & Agriculture,9
1358,Electric,12
1359,Civil & Environmental,44
1360,Flowers & Plants,28
1361,Polar Regions,20
1362,"Arts, Music & Photography",26
1363,Yoga,71
1364,Fitness,5
1365,For Children,5
1366,First Day of School,43
1367,Phonetics & Phonics,13
1368,Reptiles & Amphibians,52
1369,Attention Deficit & Attention Deficit Hyperactivity Disorders,17
1370,Jesus,12
1371,Aging Parents,29
1372,Diet & Nutrition,17
1373,Beaches,3
1374,Meals,29
1375,Kosher,13
1376,Regional & International,31
1377,Pizza,6
1378,Cultural Studies,4
1379,Pediatrics,42
1380,Football,106
1381,Winter Sports,49
1382,Veterinary Medicine,19
1383,Health & Family,10
1384,Drawn and Quarterly,67
1385,Foreign Language Learning,16
1386,Old Testament,129
1387,Hebrew Bible (Old Testament),43
1388,Seasonal,87
1389,Lifespan Development,3
1390,Developmental Psychology,51
1391,Lifestyle,9
1392,Cities,10
1393,Furniture Design,10
1394,Heavy Machinery,4
1395,Early Childhood Education,65
1396,Introductory & Beginning,21
1397,Health Care Delivery,64
1398,Almanacs & Yearbooks,21
1399,Earth Sciences,88
1400,Quantum Theory,70
1401,Spiritual Healing,12
1402,Quotations,45
1403,Geometry,13
1404,Geometry & Topology,11
1405,Tolerance,20
1406,Mythology & Folklore,50
1407,Veterinary,8
1408,Exploration & Discovery,42
1409,Musical,38
1410,Criminal Law,51
1411,Artists' Books,43
1412,Social Scientists & Psychologists,57
1413,Psychiatry,102
1414,Caribbean & West Indian,9
1415,Physiological Aspects,38
1416,Pain Management,16
1417,Pacific Northwest,4
1418,Abolition,33
1419,Campaigns & Battlefields,50
1420,Hyperactivity,3
1421,Motorcycles,19
1422,Austin,3
1423,Mexico,57
1424,Sports & Recreation,35
1425,Party Planning,8
1426,"Biscuits, Muffins & Scones",24
1427,Brunch & Tea,12
1428,International & World Politics,159
1429,Human Rights,124
1430,Philosophers,52
1431,Saudi Arabia,25
1432,Utopian,6
1433,Feminist,20
1434,Tai Chi & Qi Gong,12
1435,Animal Husbandry,44
1436,Country & Folk,57
1437,Pop,69
1438,Magic Studies,160
1439,Internet,2
1440,Self-Esteem & Self-Reliance,16
1441,Opposites,26
1442,"Activities, Crafts & Games",9
1443,Garden Design,18
1444,Nature Crafts,3
1445,Interior Decorating,50
1446,Container Gardening,10
1447,Decorative Arts,62
1448,Healthy,22
1449,Low Salt,4
1450,Forests & Rainforests,16
1451,Forests & Forestry,21
1452,Figurines,1
1453,Dolls,2
1454,"Industrial, Manufacturing & Operational Systems",63
1455,Water,26
1456,Pastry,15
1457,Breakfast,9
1458,Parasitology,4
1459,Body Art & Tattoo,16
1460,"Cats, Dogs & Animals",104
1461,Special Education,56
1462,Vocabulary & Spelling,6
1463,Education & Training,44
1464,Career Guides,20
1465,Communication & Social Skills,44
1466,Eating Disorders,49
1467,Spanish ESL Materials,1
1468,Rhetoric,89
1469,Early Childhood Education Materials,16
1470,Body,23
1471,Number Systems,4
1472,Study,7
1473,Reference & Interpretation,7
1474,Polish,4
1475,Latin American,23
1476,Legal History,65
1477,Witchcraft,184
1478,Law,135
1479,"Arts, Film & Photography",8
1480,Marine Biology,15
1481,Political Advocacy,37
1482,Conversation,12
1483,Training,135
1484,Wine,38
1485,Human Figure,13
1486,Medical Atlases,6
1487,Cookies,26
1488,Confectionary,14
1489,Microwave Cooking,5
1490,Archaeology,141
1491,Rome,90
1492,Sustainable Agriculture,22
1493,Vegetarian,37
1494,Cocktails & Mixed Drinks,22
1495,Comparative Religion,176
1496,Botswana,3
1497,Italy,92
1498,Puzzles,42
1499,"MIDI, Mixers, etc.",6
1500,Book Design,19
1501,Women in Art,21
1502,Russian & Former Soviet Union,67
1503,Personal Success,33
1504,Boxing,21
1505,Hunting,13
1506,Nuclear,48
1507,Pies,11
1508,Bread,50
1509,Paleontology,27
1510,Post-traumatic Stress Disorder,37
1511,Veterans,76
1512,Paleo,53
1513,Anger Management,7
1514,Antiques & Collectibles,63
1515,Channeling,60
1516,Slavery & Emancipation,26
1517,Wok Cookery,6
1518,Technique,4
1519,Instruction & Reference,6
1520,Textile & Costume,95
1521,Translating,10
1522,Etymology,45
1523,Emigrants & Immigrants,10
1524,Stretching,7
1525,Regions,10
1526,"Schools, Periods & Styles",9
1527,Middle Atlantic,17
1528,Atlanta,1
1529,Pacific Rim,6
1530,Children's Music,1
1531,Safety,4
1532,Food & Nutrition,9
1533,Pen & Ink,10
1534,Garnishes,13
1535,"Homebrewing, Distilling & Wine Making",49
1536,Paris,28
1537,Detoxes & Cleanses,26
1538,Society & Social Sciences,7
1539,Pregnancy & Childbirth,121
1540,Budget,29
1541,Service,21
1542,"Crafts, Home & Lifestyle",7
1543,Mesopotamia,11
1544,Casseroles,8
1545,Basque,1
1546,Sweets,3
1547,Baking,63
1548,Barbecuing & Grilling,27
1549,Scuba,9
1550,Chinese New Year,12
1551,St. Patrick's Day,8
1552,Motor Sports,39
1553,Cajun & Creole,8
1554,Ontario,2
1555,Questions & Answers,8
1556,Pragmatism,10
1557,Semantics,18
1558,Cricket,18
1559,Diabetic & Sugar-Free,17
1560,Landscapes & Seascapes,9
1561,Compulsive Behavior,49
1562,Antioxidants & Phytochemicals,3
1563,Northwest,7
1564,Vietnam War,119
1565,Photojournalism,38
1566,Flowers,24
1567,Word Games,12
1568,Agricultural Sciences,28
1569,Special Occasions,10
1570,Culinary Arts & Techniques,8
1571,Outdoor Cooking,4
1572,Food Allergies,10
1573,Dementia,17
1574,Nervous System,42
1575,Wheat Free,19
1576,Celebrations & Events,7
1577,Decorating,80
1578,Origami,16
1579,Fictional,3
1580,Physical Disabilities,10
1581,Multiculturalism,27
1582,Astrology,198
1583,Erotic Photography,19
1584,Counting & Numeration,2
1585,Dreams,41
1586,Epilepsy,10
1587,Children's Nonfiction,3
1588,Watercolor,17
1589,Finland,3
1590,Fish & Seafood,14
1591,"Photographers, A-Z",4
1592,Southwest,19
1593,Frozen Desserts,8
1594,Designers,34
1595,Decoration & Ornament,11
1596,National Parks,1
1597,Appreciation,56
1598,Smoking,2
1599,Rice & Grains,17
1600,Pumpkin Seeds,2
1601,Volunteer Work,10
1602,Canning & Preserving,49
1603,Aeronautics & Space,19
1604,Exploration & Discoveries,30
1605,Antarctica,20
1606,Religions,17
1607,Catalogs & Directories,9
1608,Riding,23
1609,"Language, Linguistics & Writing",1
1610,Wicca,89
1611,West South Central,5
1612,Industry,64
1613,Family Health,10
1614,Arithmetic,22
1615,Common Core,8
1616,Religious & Sacred Music,3
1617,Golf,29
1618,"Customs, Traditions, Anthropology",24
1619,Prayerbooks,36
1620,Newfoundland,2
1621,Province & Local,7
1622,Transportation,58
1623,Reading Skills,35
1624,Maturing,2
1625,Textiles & Costume,25
1626,Graphic Arts,2
1627,Museums & Collections,3
1628,Design,36
1629,Camping & RVs,2
1630,Notation,1
1631,Choreography,2
1632,Australia & New Zealand,40
1633,Gymnastics,10
1634,Ethnomusicology,16
1635,Propagation & Cultivation,2
1636,Turkish,1
1637,Thai,8
1638,Soul Food,6
1639,Cape Cod,1
1640,San Diego,4
1641,Kitchen Appliances,10
1642,Special Appliances,6
1643,Yucatan Peninsula,2
1644,Wine Pairing,7
1645,Denver,2
1646,Boulder,1
1647,Glass & Glassware,4
1648,Landscape,41
1649,Heart Healthy,16
1650,Large Quantities,13
1651,Atlases & Maps,11
1652,Cooking by Ingredient,4
1653,Professional,18
1654,Papercrafts,49
1655,Mixed-Media,22
1656,Shintoism,3
1657,Single Parents,8
1658,Railroad Travel,14
1659,Deconstruction,15
1660,Scrapbooking,17
1661,Mixed Media,26
1662,Arctic,16
1663,Primatology,11
1664,books,1
1665,Canoeing,14
1666,Stories,22
1667,First Nations,7
1668,Portland,3
1669,Women's Issues,180
1670,Jewelry,32
1671,Fondue Pots,2
1672,Media Tie-Ins,24
1673,Porcelain & China,1
1674,Legislative Branch,20
1675,Oil Painting,7
1676,History & Periods,5
1677,Baroque,1
1678,Individual Architects & Firms,64
1679,Business & Careers,4
1680,Urban & Land Use Planning,36
1681,Land Use,2
1682,Pretend Play,1
1683,Injuries & Rehabilitation,31
1684,Decorative Arts & Design,99
1685,Printmaking,15
1686,Trees,27
1687,Clip Art,7
1688,Projects,14
1689,"Theory, Composition & Performance",20
1690,Existentialism,45
1691,Hotels & Inns,4
1692,House & Home,3
1693,Chakras,24
1694,Documentary,3
1695,Interior Design,64
1696,Fractions,1
1697,Weight Training,33
1698,Crafts for Children,10
1699,Colonialism & Post-Colonialism,30
1700,Travel Maps,13
1701,Puzzles & Games,36
1702,Surrealism,11
1703,Quilts & Quilting,48
1704,Walking,9
1705,Cincinnati,1
1706,Loire,2
1707,Black & White,4
1708,Color,4
1709,Mixed Martial Arts,29
1710,Residential,35
1711,Opera,22
1712,Reform & Policy,86
1713,Literary Theory,80
1714,Cruises,16
1715,Digital Photography,46
1716,Judicial Branch,19
1717,National & International Security,112
1718,Literatura y Ficción,121
1719,Philosophy & Social Aspects,98
1720,Conventional,25
1721,Highway & Traffic,3
1722,Coloring Books,8
1723,Naval,104
1724,Marine Engineering,5
1725,Historic Preservation,8
1726,Regional,46
1727,Seismic Design,1
1728,Earthquakes & Volcanoes,15
1729,Prints,9
1730,Connecticut,1
1731,Religious Buildings,10
1732,Spas,5
1733,Landmarks & Monuments,9
1734,Santa Barbara,1
1735,Hispanic American Studies,36
1736,Lifestyle & Events,6
1737,Seattle,3
1738,Lighthouses,2
1739,Monuments,4
1740,Fire Science,5
1741,Surfing,26
1742,Postcards,3
1743,Paper Ephemera,5
1744,Comparative Literature,9
1745,Posters,4
1746,Wolves,6
1747,Baltimore,2
1748,Southeast,24
1749,Media Studies,143
1750,Honduras,4
1751,Mayan,11
1752,Roses,3
1753,Ecosystems,5
1754,Children's General Study Aids,7
1755,Massage,12
1756,Chronic Pain,6
1757,Icelandic,6
1758,Fish & Sharks,23
1759,Ichthyology,7
1760,Ceramics,12
1761,Hong Kong,7
1762,Ships,29
1763,Phenomenology,16
1764,Beijing,3
1765,Puns & Wordplay,7
1766,Butterflies,6
1767,Solar System,9
1768,Jokes & Riddles,52
1769,Hockey,38
1770,Weaving,17
1771,Soil,1
1772,Automotive,32
1773,Americas,68
1774,Pasta & Noodles,14
1775,Popes & the Vatican,29
1776,Vietnamese,3
1777,Cooking for One,3
1778,Precious Metals,2
1779,Latin America,89
1780,Central America,17
1781,Archery,5
1782,History & Price Guides,37
1783,Unexplained Mysteries,52
1784,Aerial,7
1785,Historic,30
1786,Arts & Literature,56
1787,Salads,24
1788,Physical Chemistry,8
1789,Needlecrafts & Textile Crafts,6
1790,Sewing,54
1791,Historiography,64
1792,Individual Directors,33
1793,Use of Color,21
1794,Pet Loss,8
1795,Style,6
1796,Pastel,5
1797,Scandinavia,10
1798,Swords & Knives,1
1799,Calligraphy,10
1800,Illuminations,1
1801,Cheese & Dairy,12
1802,Clocks & Watches,1
1803,Glass,1
1804,Transgender,51
1805,Orthodox,7
1806,Project Planning & Management,6
1807,Women in Politics,8
1808,Specific Topics,15
1809,Arms Control,13
1810,Drawing & Modelling,1
1811,Methods & Materials,7
1812,Pottery & Ceramics,20
1813,Public Policy,83
1814,City Planning & Urban Development,32
1815,Regional Planning,6
1816,Cuba,18
1817,Urban Planning & Development,33
1818,Viral,29
1819,Communicable Diseases,40
1820,Political History,126
1821,Muhammed,10
1822,Mecca,4
1823,War & Peace,51
1824,Israel,8
1825,Lebanon,13
1826,Mining,9
1827,House Plants,3
1828,Japanese Gardens,3
1829,Flower Arranging,5
1830,By Region,8
1831,Oracle,7
1832,Startups,9
1833,Do-It-Yourself,24
1834,Americana,11
1835,Commercial,43
1836,Elections & Political Process,3
1837,Immigrants,34
1838,Propaganda & Political Psychology,12
1839,Railroads,7
1840,Starting a Business,8
1841,Sexual Health,16
1842,Waste Management,6
1843,Green Housecleaning,12
1844,Higher & Continuing Education,67
1845,Television & Radio,31
1846,Theme Parks,28
1847,Disney World,9
1848,Anarchism,26
1849,Sustainability & Green Design,10
1850,Books,19
1851,Norway,6
1852,Health Policy,21
1853,Bangladesh,2
1854,Everyday Life,5
1855,Beadwork,5
1856,Baskets,2
1857,Pencil,9
1858,Pirates,25
1859,Physical Impairments,15
1860,Developmental Biology,16
1861,Frame Rulers & Straight Edges,1
1862,Seismology,5
1863,Volcanology,4
1864,Dictionaries,51
1865,Gettysburg,15
1866,Caribbean & West Indies,20
1867,Fashion & Textile,36
1868,Obstetrics & Gynecology,34
1869,Lace & Tatting,9
1870,Religious Fiction,6
1871,Military Families,9
1872,"Internet, Groupware, & Telecommunications",115
1873,Musicals & Film,26
1874,Vocal,20
1875,Musical Genres,11
1876,Kwanzaa,3
1877,Caries,3
1878,Atlases,14
1879,Haggadah,4
1880,Racket Sports,2
1881,Rafting,1
1882,Olympics,5
1883,Installations,1
1884,Biochemistry,24
1885,Orthopedics,5
1886,Radiology & Nuclear Medicine,5
1887,Radiology,5
1888,Reptiles,3
1889,Mandalas & Patterns,4
1890,Southern Africa,5
1891,South Africa,27
1892,Specialties,12
1893,Legal Profession,10
1894,Logic & Brain Teasers,12
1895,Air & Space Science,1
1896,Brazil,13
1897,Talmud,3
1898,Pulp,25
1899,Cartooning,7
1900,Comics,17
1901,Bibliographies & Indexes,10
1902,Italy & Rome,3
1903,Beer,23
1904,Incan,4
1905,Opera & Classical,32
1906,Chile,16
1907,eBook Readers & Accessories,37
1908,Parkinson's Disease,6
1909,Anime & Cartoons,12
1910,Cambodia,3
1911,Embryology,3
1912,Missions & Missionary Work,75
1913,Swedish,7
1914,Helicopters,1
1915,Drama & Plays,33
1916,Country,23
1917,Foreign Language Study,11
1918,Money & Monetary Policy,39
1919,Classical & Early,13
1920,Arthurian Romance,5
1921,Sacred Sexuality,10
1922,Noir,46
1923,Foreign Films,1
1924,Candida,3
1925,Algeria,3
1926,Druidism,24
1927,Translations,10
1928,Radicalism,50
1929,Business Ethics,13
1930,Biblical,18
1931,Tibetan,65
1932,Gay & Gender Studies,24
1933,Literature Guides,5
1934,Book Notes,53
1935,Test Prep & Study Guides,98
1936,Continental European,13
1937,Existential,3
1938,Strokes,10
1939,Modernism,6
1940,Gerontology,17
1941,Legal Reference,4
1942,Parental & Juvenile,2
1943,Human Resources & Personnel Management,125
1944,Peru,11
1945,Cartography,13
1946,Sports Broadcasting,9
1947,Uruguay,1
1948,Futuristic,14
1949,Pneumatology,16
1950,Church Growth,22
1951,Prophecy,45
1952,Prophecies,24
1953,Certification & Development,103
1954,Administration,68
1955,Inner Child,2
1956,Spain & Portugal,14
1957,Civics & Citizenship,38
1958,Occultism,68
1959,Banners,1
1960,Children's Studies,76
1961,Alternative Family,27
1962,Mysteries & Thrillers,75
1963,Pathfinder,7
1964,Test Preparation & Review,32
1965,AIDS,19
1966,Administrative Law,16
1967,Assessment,31
1968,Fractals,6
1969,Security & Encryption,36
1970,Network Security,22
1971,Java,17
1972,CompTIA,12
1973,Software Development,121
1974,Software Project Management,4
1975,Computer Design,9
1976,Networking & Cloud Computing,13
1977,Design & Architecture,18
1978,PCs,11
1979,Object-Oriented Software Design,24
1980,Object-Oriented Design,46
1981,Software Design & Engineering,78
1982,Computer Vision & Pattern Recognition,6
1983,Databases & Big Data,15
1984,Software Reuse,1
1985,Systems Analysis & Design,27
1986,JavaScript,28
1987,Testing,21
1988,C & C++,5
1989,Teams,8
1990,Management Skills,20
1991,Management Science,40
1992,Western & Frontier,195
1993,"Ancient, Classical & Medieval",32
1994,Styles,23
1995,Misterio y Thriller,48
1996,Viajes,3
1997,Foreign Language,3
1998,"Ciencia Ficción, Fantasía y Terror",46
1999,Acción y Aventura,15
2000,Freemasonry,14
2001,Tibetan Book of the Dead,2
2002,Sacred Writings,33
2003,Presidents & First Families,3
2004,Bioinformatics,12
2005,Specific Groups,19
2006,Apocrypha & Pseudepigrapha,5
2007,Biography & History,12
2008,Small Business & Entrepreneurship,32
2009,Men's Christian Living,2
2010,Adolescent Psychology,30
2011,Zimbabwe,5
2012,Warsaw,2
2013,Self Mutilation,11
2014,Grandparenting,10
2015,Speech,18
2016,Antiquarian & Rare Books,27
2017,College & Education Costs,6
2018,College Entrance,9
2019,Financial Aid,9
2020,Crosswords,2
2021,Encryption,6
2022,Cryptography,5
2023,Metaphysical Phenomena,4
2024,Russia & Former Soviet Republics,13
2025,Weight Maintenance,40
2026,Florence,3
2027,Tuscany,3
2028,American Diabetes Association,1
2029,Low Carb,43
2030,Low Carbohydrate,37
2031,South Beach Diet,5
2032,Atkins Diet,7
2033,Tablesetting,6
2034,Puerto Rico,1
2035,Industrial & Technical,9
2036,Cosmetics,6
2037,Aromatherapy,12
2038,Networks,18
2039,Certification,14
2040,Networking,44
2041,UFOs,25
2042,Triathlons,13
2043,Triathlon,10
2044,Gandhi,9
2045,Viking,39
2046,Angelology & Demonology,17
2047,Extreme Sports,23
2048,Teaching Products,1
2049,Typography,17
2050,Ancient & Controversial Knowledge,62
2051,I Ching,5
2052,Shamanism,30
2053,"Fairy Tales, Folk Tales, Legends & Mythology",10
2054,Prayer,99
2055,Structuralism,5
2056,Allied Health Professions,12
2057,Allied Health Services,9
2058,Book of Common Prayer,3
2059,Church Institutions & Organizations,40
2060,Sacraments,11
2061,Presbyterian,12
2062,Nationalism,25
2063,Prophets,2
2064,Paul's Letters,6
2065,Dating & Relationships,81
2066,Ecclesiology,22
2067,Systematic,18
2068,Church Administration,31
2069,Calvinist,8
2070,Messianic Judaism,5
2071,Pastoral Resources,75
2072,Women's Christian Living,3
2073,Language Experience Approach,38
2074,Survival Skills,13
2075,Scotland,33
2076,Weddings,11
2077,Science for Kids,13
2078,Maps,1
2079,Security,4
2080,Publishing & Books,23
2081,Panama,2
2082,Prejudice,33
2083,"Vocabulary, Slang & Word Lists",8
2084,Monasticism & Asceticism,14
2085,Gay Studies,15
2086,Business Skills,21
2087,Skills,52
2088,"New Age, Mythology & Occult",26
2089,Estimating,1
2090,Design & Construction,43
2091,Gambling,14
2092,Cults,41
2093,Good & Evil,35
2094,Youth Ministry,8
2095,Showing & Training,2
2096,Baltic States,4
2097,Molecular Physics,2
2098,Information Theory,16
2099,Logic,47
2100,Logic & Language,54
2101,Saints,75
2102,Fortune Telling,17
2103,Numerology,7
2104,Afghanistan,13
2105,Marines,7
2106,TestNode,7
2107,Safety & First Aid,30
2108,Exegesis & Hermeneutics,17
2109,TV & Radio,8
2110,Regiments,22
2111,Weight Watchers,12
2112,Gifted Students,12
2113,Business Travel,5
2114,Behaviorism,35
2115,Mathematical Physics,31
2116,Medicine,51
2117,Sets,1
2118,Bisexual Romance,43
2119,Outdoor Recreation Features,4
2120,Blues,18
2121,Dark Comedy,16
2122,Wrestling,29
2123,Trades & Tariffs,17
2124,US Presidents,32
2125,Product Management,22
2126,"Comets, Meteors & Asteroids",7
2127,Religious Intolerance & Persecution,13
2128,Six Sigma,6
2129,Total Quality Management,16
2130,Commentaries,33
2131,History of Religion,4
2132,Social Science,14
2133,School-Age Children,13
2134,Breastfeeding,2
2135,Patient Education,5
2136,Nurse-Patient Relations,6
2137,Business Culture,15
2138,Job Hunting,53
2139,Solo Travel,16
2140,Wine Tasting,6
2141,Stepparenting & Blended Families,10
2142,Eye Problems,4
2143,Guyana,1
2144,Bible Study & Reference,21
2145,Courts,22
2146,Personal Health,19
2147,Church of Jesus Christ of Latter-Day Saints,19
2148,Weight,9
2149,Teen Health,3
2150,Legal Education,10
2151,Business & Professional Growth,70
2152,Careers,15
2153,Alzheimer's Disease,31
2154,Enterprise Applications,26
2155,Business Communication,26
2156,Office Management,7
2157,Presentation Software,11
2158,Desktop Publishing,22
2159,Entrepreneurship & Small Business,5
2160,Development,10
2161,Editing,12
2162,Genealogy,39
2163,Celtic,33
2164,Breast Cancer,21
2165,Immigration,1
2166,Goddesses,22
2167,Circuits,18
2168,Bariatrics,4
2169,Eating Disorders & Body Image,7
2170,Herbs,23
2171,Low Cholesterol,2
2172,Tarot,41
2173,Page-turning Narratives,11
2174,Demonology & Satanism,20
2175,Spiritual Warfare,31
2176,Horror & Supernatural,3
2177,Computer & Internet Law,4
2178,How-to & Home Improvements,16
2179,Cybernetics,5
2180,"Networks, Protocols & APIs",31
2181,Integrated,3
2182,Trucks & Vans,3
2183,Repair & Maintenance,10
2184,Microsoft Powerpoint,5
2185,Aeronautical Engineering,13
2186,Mars,11
2187,Campaigns & Elections,9
2188,Elections,81
2189,Planning & Forecasting,29
2190,Nonprofit Organizations & Charities,18
2191,Educational Psychology,64
2192,Strength of Materials,4
2193,Waves & Wave Mechanics,6
2194,Optics,7
2195,Visit the Doctor,2
2196,Tragedy,13
2197,Environmental Policy,40
2198,Tropical,2
2199,Discrete Mathematics,14
2200,Jainism,1
2201,Information Management,39
2202,Economic Theory,17
2203,Chemistry,39
2204,Juicers,4
2205,Diet Therapy,6
2206,Type 2,2
2207,Emergency,20
2208,Emergency Medical Services,15
2209,Psychotherapy,101
2210,Addiction & Recovery,3
2211,Python,8
2212,Antigua,2
2213,Engineering & Transportation,12
2214,Volleyball,5
2215,Easter & Lent,7
2216,Retirement Planning,30
2217,Christian Literature & Art,4
2218,Digital Editing,12
2219,Carpentry,4
2220,Decks & Patios,3
2221,Handheld & Mobile Devices,20
2222,iPhone,5
2223,Video Production,13
2224,Graphics & Design,42
2225,Graphics & Multimedia,45
2226,Investments,24
2227,Mortgages,4
2228,Wales,72
2229,Operation Desert Storm,18
2230,Zen,14
2231,Out-of-Body Experiences,5
2232,Customize,3
2233,Environmental Studies,39
2234,Ministry & Evangelism,32
2235,Lutheran,8
2236,Acoustics & Sound,15
2237,Science & Nature,2
2238,Solar Chargers,1
2239,Cables,2
2240,Accessory Kits,2
2241,Etiquette Guides & Advice,31
2242,Atomic & Nuclear Physics,6
2243,Particle Physics,4
2244,Applied,24
2245,Stewardship,9
2246,Molecular Biology,29
2247,Behaviour,2
2248,Norse & Icelandic,2
2249,Modern Renaissance,8
2250,Ballroom,2
2251,Harlequin Superromance,6
2252,Devotional,11
2253,Job Markets & Advice,2
2254,Care & Health,6
2255,Menopause,4
2256,Vitamins & Supplements,9
2257,Interviewing,18
2258,Glassblowing,1
2259,Sermons,26
2260,Thermodynamics,13
2261,Mechanical Engineering,39
2262,Mechanical,47
2263,Human-Computer Interaction,28
2264,Telecommunications,7
2265,E-commerce,19
2266,Animal Behavior & Communication,25
2267,Word Lists,15
2268,Game Theory,6
2269,Chaos Theory,9
2270,Biological & Chemical,9
2271,Sailing,31
2272,Departments,2
2273,Virology,8
2274,Infectious Diseases,21
2275,Business Technology,10
2276,Jungian,33
2277,History & Culture,10
2278,Kabbalah & Mysticism,9
2279,Number Theory,16
2280,Social Studies,17
2281,Methodology,28
2282,Quizzes,19
2283,Electrical & Electronic Engineering,14
2284,Pop Culture,18
2285,Mathematical & Statistical,7
2286,Elementary,7
2287,"Babysitting, Day Care & Child Care",8
2288,Twins & Multiples,7
2289,Educational Law & Legislation,3
2290,Oncology,17
2291,Interracial,99
2292,Individual Sports,4
2293,Differential Equations,14
2294,Sales,14
2295,Coastal West Africa,4
2296,Namibia,3
2297,Constitutions,30
2298,Debugging,4
2299,Magic,10
2300,Magic & Illusion,8
2301,Social Media,40
2302,Money Management,9
2303,Investing Basics,26
2304,Practical Politics,13
2305,Dynamics,1
2306,Knowledge Capital,6
2307,Buying & Selling Homes,13
2308,Chess,29
2309,Direct,15
2310,Public Relations,25
2311,Management Information Systems,22
2312,Regional & Cultural,22
2313,Juices & Smoothies,10
2314,Tablets,3
2315,E-Readers,1
2316,God's Word,3
2317,Infantil,9
2318,Miscellaneous,8
2319,Poultry,7
2320,Stochastic Modeling,1
2321,Women's Health,15
2322,Theravada,5
2323,Dalai Lama,20
2324,Adulthood & Aging,1
2325,Alternative Therapies,11
2326,Mentally Disabled,8
2327,Macrobiotics,6
2328,Home Repair,48
2329,Products,23
2330,Autism,4
2331,Public Health,16
2332,Chocolate,12
2333,Self Esteem,2
2334,Bisexuality,7
2335,Transgender Studies,1
2336,Coming Out,10
2337,Gay & Lesbian Studies,51
2338,Human Sexuality,22
2339,Consulting,18
2340,Frontier & Pioneer,17
2341,Video & Computer Games,6
2342,Ornamental Plants,5
2343,Hospice Care,8
2344,Client-Server Systems,8
2345,Cloud Computing,6
2346,Technical,16
2347,Memory Management,1
2348,Hospital Administration,8
2349,Surgery,2
2350,Research & Development,8
2351,Robotics & Automation,27
2352,Robotics,18
2353,Industrial & Product Design,21
2354,Clinical Chemistry,24
2355,Family & General Practice,9
2356,Family Practice,19
2357,Medical Informatics,2
2358,Physician & Patient,7
2359,Doctor-Patient Relations,8
2360,Agronomy,12
2361,"Networks, Protocols & API's",4
2362,Strategic Management,12
2363,Biomedical Engineering,6
2364,Skin Ailments,3
2365,Nanotechnology,1
2366,Fundamentalism,20
2367,Rhythm & Blues,25
2368,Soul,13
2369,Policy,5
2370,Education Policy & Reform,5
2371,Artificial Intelligence,27
2372,Intelligence & Semantics,51
2373,Beatles,29
2374,Chargers & Adapters,4
2375,Global,12
2376,Personal Development & Self-Help,4
2377,Mountaineering,22
2378,Nepal,4
2379,Radio,8
2380,Radio Operation,7
2381,Public Speaking,16
2382,Optoelectronics,2
2383,Microelectronics,8
2384,Lesson Planning,11
2385,Potatoes,23
2386,Faith & Spirituality,1
2387,Christian Movies & TV,1
2388,Unitarian Universalism,2
2389,Baseball & Softball,18
2390,Medieval Thought,14
2391,Utilitarianism,5
2392,Osteopathy,4
2393,Diagnosis,13
2394,Assessment & Diagnosis,4
2395,Punk Rock,2
2396,Thesauruses,6
2397,Card Games,15
2398,Toys,5
2399,Advanced Placement,13
2400,Disasters,2
2401,21st Century,26
2402,Ethiopia & Djibouti,2
2403,"Combination Piano, Vocal, & Guitar",14
2404,Guitars,15
2405,Credit Ratings & Repair,7
2406,Radiologic & Ultrasound Technology,3
2407,Radiological & Ultrasound Technology,3
2408,Nuclear Medicine,1
2409,Contagious Diseases,3
2410,Science & Medicine,5
2411,Mathematical Analysis,18
2412,Unix,10
2413,Operating Systems Theory,7
2414,ASP.NET,3
2415,Reggae,5
2416,Bike Repair,3
2417,Mountain Biking,2
2418,Glasgow,2
2419,Quick Workouts,11
2420,Neuro-Linguistic Programming,4
2421,Ethiopia,2
2422,Materials & Material Science,27
2423,Inorganic,5
2424,Health Care Administration,7
2425,Iraq,39
2426,Real Estate,11
2427,Public Finance,10
2428,Communication Policy,9
2429,Prisoners of War,15
2430,Love & Erotica,7
2431,Content Management,3
2432,Doctor Who,10
2433,Motorcycle Racing,13
2434,Nursing,30
2435,Japanese & Haiku,14
2436,Agnosticism,12
2437,Language Instruction,3
2438,Society,8
2439,Essays & Ideas,11
2440,Harlequin Luna,11
2441,Pharmacy,16
2442,Fertility,12
2443,Business Law,3
2444,Franchising,4
2445,Forensic Science,29
2446,Environmental & Natural Resources Law,9
2447,Obsessive Compulsive Disorder (OCD),7
2448,Civil Engineering,14
2449,Portuguese,21
2450,Criticism & Interpretation,24
2451,Church Leadership,36
2452,Preaching,17
2453,Personal Testimonies,7
2454,Piloting & Flight Instruction,10
2455,Medical History & Records,6
2456,Linear,8
2457,Marathi,2
2458,Quran,13
2459,Topology,3
2460,Rationalism,5
2461,Ab Workouts,4
2462,Machine Theory,9
2463,"Calendars, Planners & Personal Organizers",1
2464,Visitor Registers,1
2465,Amazon,3
2466,Shi'ism,3
2467,Sunnism,1
2468,Small Homes & Cottages,11
2469,Medical Conditions & Diseases,4
2470,Book Making & Binding,7
2471,Graphics & Visualization,42
2472,User Experience & Usability,20
2473,Web Site Design,6
2474,Data Processing,14
2475,Argentina,8
2476,"Arte, Cine y Fotografía",3
2477,Biografías y Memorias,8
2478,Expert Systems,3
2479,Records,4
2480,Microprocessor Design,4
2481,Urban Legends,5
2482,Folk & Traditional,29
2483,Confederacy,27
2484,Medical Technology,7
2485,Cardiovascular,10
2486,Cardiology,10
2487,Medical Assistants,9
2488,Emergency Medicine,12
2489,Trauma,5
2490,Social Media for Business,26
2491,Natural Language Processing,5
2492,High School,3
2493,Business Life,8
2494,Shell,1
2495,Linux,11
2496,Macintosh,6
2497,Parallel Programming,3
2498,Data Mining,11
2499,Data Warehousing,7
2500,Utilities,4
2501,Academic & Commercial,19
2502,Communication in Management,2
2503,Critical Care,8
2504,Crowdfunding,3
2505,Firearms & Weapons,2
2506,Philippines,12
2507,Homeopathy,4
2508,Alternative & Holistic,4
2509,TOEFL & TOEIC,4
2510,Test Flash Cards,2
2511,Billiards & Pool,6
2512,Upholstery & Fabrics,5
2513,Sewing Patterns,12
2514,Carving,3
2515,"Fun with Paper & Wood, Stones & Knives",1
2516,Stenciling,2
2517,Game Design,6
2518,Game Programming,21
2519,Hearing Problems,5
2520,Multiple Sclerosis,4
2521,Criminal Procedure,22
2522,Rice Cookers,1
2523,East Africa,2
2524,Histology,2
2525,Optometry,5
2526,Ophthalmology,6
2527,Rules & Procedures,1
2528,Drug Use,9
2529,Drug & Alcohol Abuse,4
2530,Depression & Mental Health,3
2531,Special Forces,10
2532,Saints & Sainthood,1
2533,Christian Denominations & Sects,13
2534,"Maternity, Perinatal, Women's Health",5
2535,"Women's Health, Obstetrics & Gynecology",10
2536,Issues,1
2537,"Issues, Trends & Roles",1
2538,Midwifery,8
2539,Home Based,17
2540,Vocational Guidance,17
2541,Career Development,12
2542,Small Business,15
2543,Wealth Management,8
2544,African & Middle Eastern,17
2545,Star Trek,79
2546,Military Technology,15
2547,Material Handling Products,1
2548,Public Affairs & Administration,29
2549,Rwanda & Uganda,4
2550,Fish & Aquariums,3
2551,Bacteriology,3
2552,Sutras,2
2553,Ayurveda,5
2554,Thyroid Conditions,3
2555,Candlemaking,7
2556,Soap Making,7
2557,Wirebound Notebooks,1
2558,"Envelopes, Mailers & Shipping Supplies",2
2559,Aztec,3
2560,"Assyria, Babylonia & Sumer",5
2561,Sweden,2
2562,Metal Work,8
2563,Metallurgy,3
2564,Physical Therapy,13
2565,Vehicle Design & Construction,1
2566,Managerial,6
2567,Consumer Guides,29
2568,Cinematography,8
2569,Television & Video,6
2570,Native American Religions & Spirituality,2
2571,Fredericksburg,2
2572,"Vocabulary, Slang, & Word Lists",5
2573,Lesbian Romance,439
2574,Storage & Retrieval,6
2575,Science,10
2576,Art & Photography,4
2577,Cataloging,2
2578,Banking,6
2579,Pharmacology,24
2580,Adult & Continuing Education,10
2581,Pentecostal & Charismatic,34
2582,Orthodoxy,12
2583,Victoria,1
2584,Catechisms,5
2585,Cleveland,2
2586,"Washington, D.C.",1
2587,Suites,3
2588,iPad,3
2589,Counseling & Recovery,26
2590,Graduate School Guides,7
2591,Graduate School,1
2592,Drafting & Mechanical Drawing,9
2593,Chemical Engineering,9
2594,Unit Operations & Transport Phenomena,2
2595,Privacy & Online Safety,18
2596,"Ceremony, Vows & Toasts",5
2597,The World Stage,6
2598,Profiles,4
2599,Planners,1
2600,Eldercare,2
2601,Sudan,12
2602,Bowling,2
2603,Critical & Intensive Care,1
2604,Pediatric & Neonatal,1
2605,Critical & Intensive care,2
2606,1960s,2
2607,Neurosurgery,9
2608,Brain,2
2609,Psychopharmacology,9
2610,Pathology,5
2611,Peripherals,3
2612,Infrastructure,11
2613,Harlequin Special Edition,5
2614,Harlequin Intrigue,21
2615,Harlequin Nocturne,19
2616,Harlequin Blaze,22
2617,Harlequin Romantic Suspense,6
2618,Harlequin Love Inspired Suspense,8
2619,Harlequin Romance,11
2620,Exercises,4
2621,Dye,4
2622,Acupuncture & Acupressure,11
2623,Structural,14
2624,Biophysics,6
2625,C,18
2626,Learning Disorders,7
2627,Database Storage & Design,26
2628,Sociology of Sports,32
2629,Video & Electronic Games,12
2630,Computer Simulation,4
2631,Gravity,6
2632,inf,2
2633,Local,5
2634,Foreign Exchange,7
2635,Cases,3
2636,Chinese Medicine,5
2637,Relations,24
2638,Sedimentary,1
2639,Geochemistry,1
2640,Multilevel,14
2641,Catalonia,1
2642,Specific Artist,11
2643,Handbooks & Manuals,17
2644,Couples & Family Therapy,1
2645,Guitar,22
2646,Politics,1
2647,eBook Readers,3
2648,Sexuality & Pregnancy,4
2649,Physical Impairment,2
2650,Educational Philosophy,37
2651,Medicine & Psychology,5
2652,Power Tools,5
2653,Civil Procedure,21
2654,Hydraulics,4
2655,Fluid Dynamics,5
2656,Sports & Entertainment,33
2657,Internal Medicine,19
2658,Guatemala,6
2659,Genetically Engineered Food,2
2660,Field Guides,4
2661,Test Preparation,19
2662,Studying & Workbooks,18
2663,Transgender Romance,3
2664,Folk,4
2665,Sociedad y Ciencias Sociales,6
2666,Audiology & Speech Pathology,7
2667,Solid State,2
2668,Transistors,4
2669,Semiconductors,12
2670,Solid-State Physics,6
2671,Electricity,10
2672,Environmental Engineering,9
2673,Investments & Securities,34
2674,Crocheting,45
2675,"Beadwork, Fashion & Jewelry",5
2676,Paper & Paper Crafts,7
2677,Web Browsers,9
2678,Web Development & Design,8
2679,Online Searching,11
2680,Rugs,3
2681,Singapore,2
2682,House Plans,4
2683,Construction,18
2684,Professional Reference,3
2685,Gnosticism,12
2686,Vedas,1
2687,Viruses,5
2688,Mage,1
2689,Werewolf,3
2690,Women's Inspirational,3
2691,Postpartum Depression,5
2692,Resumes,6
2693,Chiropractic,4
2694,Workbooks,13
2695,Language Studies,25
2696,Dictionaries & Encyclopedias,2
2697,Life & Institutions,16
2698,LSAT,8
2699,Constitutional Law,19
2700,Sports Medicine,12
2701,Bread Machines,2
2702,Bridge,3
2703,"Production, Operation & Management",2
2704,Personal,8
2705,Unemployment,6
2706,Academic Development,10
2707,Blackjack,4
2708,Specialty Travel,3
2709,Fossil Fuels,3
2710,Irrigation,2
2711,Petroleum,10
2712,Lesbian Studies,7
2713,Wall Chargers,3
2714,Weapons & Warfare,2
2715,The Sciences,2
2716,Ecuador & Galapagos Islands,5
2717,Caregiving,7
2718,Classic,9
2719,Diets & Nutrition,5
2720,Korean War,7
2721,Personal Computers,6
2722,Databases,5
2723,Beginner's Guides,4
2724,Web Graphics,2
2725,LAN,6
2726,Intranets & Extranets,6
2727,BSD,2
2728,Electronics Features,4
2729,Harlequin Kimani Arabesque,4
2730,Silhouette Special Releases,3
2731,By Technique,12
2732,Electrical & Electronics,45
2733,Rollerskating & Rollerblading,1
2734,Somalia,1
2735,Morocco,5
2736,London,7
2737,Cell Culture Flasks,1
2738,Gender & Sexuality,34
2739,Episcopalian,8
2740,Farm & Ranch Life,5
2741,Rock Climbing,7
2742,Programming & App Development,6
2743,Single Board Computers,4
2744,Intergovernmental Organizations,3
2745,Ergonomics,3
2746,Industrial Design,14
2747,Denmark,4
2748,Transpersonal,3
2749,Harlequin Love Inspired,4
2750,Partner Abuse,13
2751,AIDS & HIV,11
2752,"Body, Mind & Spirit",5
2753,Guitars & Fretted Instruments,4
2754,Louis L'Amour,59
2755,Antietam,4
2756,Paganism,41
2757,Essays & Correspondence,12
2758,Ethnic & Tribal,14
2759,Nephrology,3
2760,Tamil,1
2761,Religious & Liturgical,7
2762,Experimental Psychology,14
2763,Independence Day,1
2764,Kindle Singles,7
2765,Math Games,9
2766,Northern Ireland,4
2767,Collecting,2
2768,Food Counters,16
2769,Infectious Disease,1
2770,Ulcers & Gastritis,1
2771,Bible Stories,1
2772,Religión,5
2773,Curricula,43
2774,Industrial Engineering,25
2775,Trial Practice,5
2776,Revolutionary,6
2777,Vanuatu,1
2778,Australia & South Pacific,1
2779,Fiji,1
2780,Public Affairs,8
2781,ACT (American College Tests),2
2782,Zen Philosophy,5
2783,Toxicology,11
2784,GIS,2
2785,Rugby,14
2786,Geriatrics,4
2787,Mentoring & Coaching,16
2788,Project Management Software,3
2789,Radical Thought,6
2790,Concordances,3
2791,Labor Policy,3
2792,Microsoft,4
2793,.NET,7
2794,Afrikaans,2
2795,Children & Teens,22
2796,Musculoskeletal Diseases,6
2797,Regimental Histories,8
2798,War of 1812,12
2799,Agile,3
2800,Algorithms,18
2801,Students,1
2802,Cross-Stitch,8
2803,Children,5
2804,Handwriting,6
2805,Owner's Manuals & Maintenance Guides,6
2806,Decorative Stones,1
2807,Skateboarding,3
2808,Inclusive Education,5
2809,Cognitive Behavioral Therapy,3
2810,C#,5
2811,Jakarta,1
2812,XHTML,2
2813,Game,6
2814,The Latest,4
2815,The Kindle Singles Interview,1
2816,Subject Notebooks,1
2817,Bartending,2
2818,Bahamas,5
2819,"Digital Audio, Video & Photography",3
2820,Mainframes & Minicomputers,5
2821,Teacher Resources,11
2822,Beverages & Wine,6
2823,Dermatology,3
2824,"Cats, Lions & Tigers",5
2825,Blogging & Blogs,11
2826,E-mail,5
2827,Shortwave Radios,1
2828,Radio & Wireless,2
2829,Activism,6
2830,Intermediate,1
2831,Hymns,3
2832,Attention-Deficit Disorder,1
2833,Keys,3
2834,Chronic Fatigue Syndrome & Fibromyalgia,2
2835,Lighting,2
2836,Design & Graphics,10
2837,Adobe Photoshop,10
2838,Grand Canyon,2
2839,Ukuleles,1
2840,Mandolins,1
2841,Banjos,5
2842,Strings,4
2843,Woodwinds,3
2844,Still Life,4
2845,Kayaking,4
2846,17th Century,3
2847,Media & the Law,7
2848,Witnesses,3
2849,Yellowstone,7
2850,Dominican Republic,4
2851,Tennis,16
2852,Hasidism,5
2853,Grief & Loss,3
2854,Federal Jurisdiction,5
2855,Polymers & Textiles,7
2856,Professional Development Resources,5
2857,Babies & Toddlers,5
2858,Graph Theory,4
2859,Data Modeling & Design,13
2860,Measurement,1
2861,Reading,3
2862,Pedagogy,12
2863,Combinatorics,4
2864,Spoken Word,1
2865,Dance Pop,1
2866,Dance & Electronic,1
2867,LPN & LVN,1
2868,Long-Term Care,1
2869,Physically Disabled,3
2870,Behavioral Disorders,10
2871,Learning Disabilities,2
2872,"Behavioral, Emotional & Social Disabilities",1
2873,Learning Disabled,11
2874,Digital,6
2875,Turn of the Century,1
2876,Feng Shui,16
2877,Main Courses & Side Dishes,6
2878,Cults & Demonism,5
2879,Extended Families,3
2880,Sexual,9
2881,Canon Law,4
2882,Iditarod & Dog-Sledding,4
2883,Diabetes,3
2884,Controversial Knowledge,1
2885,Prayer Books,3
2886,Sicily,2
2887,Branding & Logo Design,7
2888,Board Games,15
2889,Fragrance,2
2890,Roman,4
2891,Dissociative Disorders,5
2892,Hidden Picture,5
2893,Physical Medicine & Rehabilitation,7
2894,Occupational Therapy,8
2895,Molecular,1
2896,Fundamentals & Skills,5
2897,Science & Anatomy,1
2898,Bioengineering,3
2899,Budget Travel,6
2900,French Horns,1
2901,Curriculum & Lesson Plans,4
2902,ESL,1
2903,English as a Foreign Language,3
2904,Bolivia,5
2905,Barcelona,7
2906,Collection Development,1
2907,Preventive Medicine,2
2908,Champagne,2
2909,Buying Guides,5
2910,Instruments & Supplies,1
2911,Prosthesis,1
2912,Stamps,2
2913,Data in the Enterprise,9
2914,Mass Transit,7
2915,Ethnic,3
2916,Gospel,2
2917,Choral,3
2918,Conducting,2
2919,Experimental Methods,25
2920,Genetic,6
2921,"Mice, Hamsters & Guinea Pigs",4
2922,"Coatings, Ceramics & Glass",2
2923,Historical Geography,4
2924,Romania & Moldova,2
2925,EPOC-Symbian,1
2926,Tutorials,9
2927,Lyrics,4
2928,Minecraft,2
2929,Mushrooms,5
2930,Psychology & Christianity,6
2931,Family Travel,15
2932,Conflict Resolution & Mediation,7
2933,Sauces & Toppings,5
2934,Napoleonic Wars,9
2935,Computers,4
2936,Theosophy,18
2937,Sri Lanka,3
2938,Lung & Respiratory Diseases,1
2939,Respiratory,2
2940,Honolulu,2
2941,Oahu,2
2942,Maui,2
2943,Jordan,1
2944,Regional Canada,25
2945,Painting & Wallpapering,2
2946,Adult Ministry,10
2947,Sign Language,5
2948,Humanistic,5
2949,Harlequin Historical,18
2950,Jurisprudence,13
2951,Legal System,2
2952,Judicial System,6
2953,Jury,2
2954,Algebraic Geometry,2
2955,Pharmaceutical & Biotechnology,6
2956,Special Needs Children,3
2957,Environmental Science & Ecosystems,2
2958,Earth Science,4
2959,Environmental Conservation & Protection,3
2960,Osteoporosis,1
2961,Aerobics,3
2962,Coaching,9
2963,Model Trains,1
2964,Disability,5
2965,Medicine & Health Sciences,2
2966,Child,8
2967,Appomattox,8
2968,Furniture & Carpentry,2
2969,Earth-Based Religions,6
2970,Eritrea,1
2971,Innovation,9
2972,Colombia,7
2973,Men's Grooming & Style,4
2974,Needlework,39
2975,Spinning,3
2976,Antitrust,1
2977,Ethics & Professional Responsibility,9
2978,Naples,2
2979,Occupational,3
2980,North Africa,4
2981,Creationism,12
2982,Green Business,10
2983,Solar,2
2984,Invertebrates,6
2985,Digital Design,7
2986,Electrical,6
2987,User Generated Content,10
2988,Confucianism,3
2989,Materials Science,2
2990,Campaigns,7
2991,Navy,3
2992,Accessories,3
2993,Biostatistics,2
2994,Preventive,3
2995,Decision Making & Problem Solving,3
2996,Slang & Idioms,6
2997,Contemporary Christian,3
2998,Steeple Hill Women's Fiction,3
2999,English Gardens,1
3000,CAD,9
3001,Algebra & Trigonometry,16
3002,Abstract,1
3003,Composition & Creative Writing,7
3004,Child Care,2
3005,Switzerland,6
3006,Narratives,2
3007,Specific Locations,5
3008,New International Version,3
3009,Auditing,5
3010,Civil,1
3011,Plastic,3
3012,Charms,1
3013,Learning & Education,1
3014,Law Practice,3
3015,Compilers,6
3016,Compiler Design,3
3017,Neural Networks,4
3018,Set Theory,3
3019,Electricity Principles,4
3020,Power Systems,10
3021,Ketogenic,6
3022,Nurse & Patient,3
3023,Small Animal Medicine,4
3024,Lupus,1
3025,Podcasts & Webcasts,2
3026,Marketing & Sales,5
3027,Christian Science,3
3028,Greenhouses,2
3029,Spelling,9
3030,Phrasebooks,5
3031,Small Animal,1
3032,Ultrasonography,2
3033,Property,4
3034,Practice Management & Reimbursement,1
3035,Video & Electronic,5
3036,Crete,1
3037,Immunology,9
3038,Curiosities & Wonders,5
3039,Eastern Astrology,1
3040,Chemotherapy,2
3041,Pollution,8
3042,Percussion,8
3043,Dutch,2
3044,Wind,3
3045,Concrete,5
3046,Earthwork Design,1
3047,Polymer Clay,1
3048,Wild Plants,2
3049,Karma,5
3050,Nicaragua,4
3051,Classic Cars,5
3052,Classroom Management,4
3053,Reporting,7
3054,Engines & Transmissions,2
3055,Baptist,3
3056,Project Management,8
3057,Juvenil,30
3058,Macs,4
3059,Apple Programming,3
3060,Desktop Calendars & Supplies,1
3061,Calendars,4
3062,Chaos & Systems,2
3063,New American Standard,1
3064,Skills & Techniques,2
3065,College & University,6
3066,Natural Law,2
3067,Jehovah's Witness,2
3068,Mariology,6
3069,Dentistry,3
3070,Clinical,2
3071,Laboratory Medicine,6
3072,Hematology,5
3073,Urban & Regional,6
3074,Commodities,17
3075,Valuation,3
3076,Humor & Comics,1
3077,Conduct of Life,1
3078,Law Office Education,1
3079,Online Trading,9
3080,Ciéncia y Tecnología,2
3081,Relational Databases,5
3082,Cut & Assemble,1
3083,CSS,4
3084,Shooting,3
3085,Firearms,3
3086,Organizations & Institutions,1
3087,Quantity,2
3088,Labor Law,4
3089,Labor & Employment,7
3090,Adult,14
3091,eBay,1
3092,Endocrinology,5
3093,Endocrinology & Metabolism,10
3094,Psychiatry & Mental Health,6
3095,Psychiatric,5
3096,Micronesia,1
3097,Haiti,8
3098,Vietnam,2
3099,Pre-Confederation,9
3100,16th Century,2
3101,Exalted,2
3102,Bookkeeping,4
3103,Handwriting Analysis,2
3104,Atlases & Gazetteers,4
3105,Home-Based,4
3106,Shocks,1
3107,Paleozoology,2
3108,Leukemia,2
3109,Flash,3
3110,Toymaking,8
3111,Mahayana,2
3112,Children's Ministry,4
3113,Hermetism & Rosicrucianism,3
3114,Genitourinary & STDs,2
3115,Egyptian Book of the Dead,1
3116,Palmistry,1
3117,Popol Vuh,1
3118,Speeches,8
3119,Ecotourism Travel,1
3120,Practice Management,1
3121,Kitchenware,3
3122,Hypnotherapy,2
3123,Trading Card Games,1
3124,Papua New Guinea,2
3125,South Pacific,2
3126,Política,1
3127,Vampire,4
3128,Ecumenism,5
3129,Coca-Cola,1
3130,Armored Vehicles,4
3131,Personal Narratives,3
3132,Games & Activities,1
3133,Taxation,4
3134,Word Search,4
3135,Social Security,1
3136,Outdoor & Recreational Areas,2
3137,Methodology & Statistics,4
3138,Hardware,5
3139,Testing & Measurement,10
3140,Malawi,1
3141,MCAT,2
3142,Backache,1
3143,Horoscopes,2
3144,Ethnopsychology,3
3145,Magnetism,5
3146,Light,2
3147,Microwaves,2
3148,Tax Law,8
3149,"Maintenance, Repair & Upgrading",5
3150,Extraction & Processing,3
3151,Coins & Medals,2
3152,Work Life Balance,3
3153,Naval Operations,4
3154,Prospecting & Mining,1
3155,Literary Criticism,25
3156,Occupational & Industrial Medicine,2
3157,"Art, Music & Photography",1
3158,Gastroenterology,8
3159,Single Cards,1
3160,Arts & Entertainment,4
3161,Physical & Theoretical,3
3162,Earrings,1
3163,Physician Assistants,1
3164,SQL,16
3165,Structured Design,7
3166,Performance Optimization,3
3167,MySQL,7
3168,Linux & UNIX Administration,4
3169,Networking & System Administration,4
3170,Internet & Networking,7
3171,Sensors,2
3172,Vocational,4
3173,Thailand,3
3174,Orchids,2
3175,Yemen,1
3176,"Bahrain, Kuwait, Oman, Qatar, United-Arab-Emirates & Yemen",1
3177,Torts,3
3178,Medical & Surgical,7
3179,"Activities, Puzzles & Games",4
3180,Franchises,1
3181,Erótica,32
3182,Non-Alcoholic,1
3183,Newspapers & Magazines,2
3184,Search Engine Optimization,3
3185,Knitting & Crochet,2
3186,Knitting Patterns,3
3187,Professional Development,5
3188,STEM Education,1
3189,Satanism,4
3190,Central Asia,2
3191,Futures,12
3192,Dollhouses,3
3193,MP3 & MP4 Player Accessories,1
3194,PHP,2
3195,Linear Programming,6
3196,"Heating, Ventilation &  Air Conditioning",2
3197,Women in Sports,4
3198,Venture Capital,6
3199,Kindle Default Dictionaries,3
3200,Signal Processing,2
3201,At Play,2
3202,Digital Currencies,2
3203,Syria,4
3204,Laos,1
3205,Job Hunting & Careers,1
3206,Bangkok,1
3207,Tap,2
3208,Microprocessors & System Design,3
3209,Repair & Performance,3
3210,Danish,8
3211,GED,4
3212,Study Aids,5
3213,Estates & Trusts,4
3214,Sports Cards,1
3215,Essays & Writings,3
3216,Fantasy Sports,4
3217,Alaska,2
3218,Harlequin Spice,6
3219,Shopping,2
3220,Sexual Health & Impotence,2
3221,Water Gardens & Ponds,1
3222,Electric Machinery & Motors,5
3223,Curriculum & Instruction,29
3224,Mystery & Thrillers,2
3225,Quaker,3
3226,Nevada,1
3227,Private Equity,1
3228,Chamber Music,3
3229,New Orleans,2
3230,Alternative & Renewable,5
3231,Treaties,2
3232,Brooklyn,1
3233,Business Mathematics,7
3234,Litigation,5
3235,Children's Sports,3
3236,Malayalam,9
3237,Gestalt,1
3238,Irritable Bowel Syndrome,2
3239,Abdominal,8
3240,Machinery,17
3241,Warhammer,1
3242,Personal Injury,1
3243,Insurance Law,1
3244,"Computing, Internet & Digital Media",1
3245,XSL,1
3246,Costa Rica,1
3247,Whole Foods,9
3248,Cast Iron,4
3249,Stuffed Animals,6
3250,Teddy Bears,2
3251,Armenia,1
3252,Postmodernism,7
3253,Streaming Media Players,3
3254,Equine Medicine,2
3255,18th Century,2
3256,Citizenship,2
3257,Pricing,2
3258,Network Administration,2
3259,Evidence,3
3260,Contracts,3
3261,Securities,2
3262,Discrimination,4
3263,Legal Writing,2
3264,Civil Law,1
3265,Dictionaries & Terminology,6
3266,Harlequin Iberica,24
3267,Historia,8
3268,Outsourcing,2
3269,Tips,1
3270,Home Care,1
3271,Yorkshire,1
3272,Gloucestershire,1
3273,Cyprus,1
3274,Light Novels,4
3275,Harlequin Kiss,2
3276,Weapons,6
3277,Pentecostal,1
3278,More Translations,2
3279,Options,8
3280,Hadith,3
3281,Antebellum,1
3282,Legal Self-Help,8
3283,Functional,5
3284,Algebra,7
3285,Trigonometry,2
3286,Pre-Calculus,2
3287,Painting Supplies & Wall Treatments,1
3288,Teaching,2
3289,Venice,5
3290,Perl,6
3291,Lisp,5
3292,Women's Personal Growth,5
3293,Codes & Standards,1
3294,Ice Skating & Figure Skating,10
3295,Whitewater Kayaking,2
3296,Rheumatology,4
3297,Derecho,2
3298,Masonry,1
3299,Windows 10,1
3300,Iceland,1
3301,Distance & Online Learning,1
3302,Use of Ornament,1
3303,One hour (33-43 pages),1
3304,90 minutes (44-64 pages),2
3305,Other Role-Playing Games,4
3306,Graphology,1
3307,Commercial Policy,1
3308,Analytic Philosophy,2
3309,Orlando,5
3310,Health & Safety,14
3311,Wicca & Witchcraft,2
3312,Andalusia,4
3313,Communicative Disorders,7
3314,Adolescent,1
3315,Torah,2
3316,Animal Care & Pets,1
3317,Anglican,10
3318,Non-Formal Education,1
3319,Business & Economics,4
3320,Fruit,14
3321,Product Development,1
3322,Acupuncture,2
3323,Whiskey,6
3324,Skiing,3
3325,Copyright,4
3326,Methodist,11
3327,Violins,3
3328,Special Conditions,1
3329,Puppets & Puppetry,2
3330,Shojo,1
3331,Cancer Prevention,4
3332,Plastics,1
3333,Role Playing & Fantasy,2
3334,Science Fiction & Fantasy Gaming,2
3335,Belize,1
3336,Camera Batteries,1
3337,Localization,2
3338,Cairo,2
3339,Mauritius,1
3340,Kauai,1
3341,Facility Management,5
3342,Quantum Chemistry,1
3343,Big Island,2
3344,Seashells,1
3345,Bali,1
3346,Pathophysiology,5
3347,"Knots, Macrame & Rope Work",2
3348,Perinatology & Neonatology,3
3349,Seventh-Day Adventist,2
3350,Professional Growth,3
3351,Vertebrate,1
3352,Copenhagen,3
3353,New York City,4
3354,Ohio,1
3355,Civics,2
3356,Headache,1
3357,Pulmonary,3
3358,Brussels,2
3359,Dublin,2
3360,Reproductive Medicine & Technology,1
3361,Dead Sea Scrolls,4
3362,Crisis Management,2
3363,Seville,2
3364,Madrid,1
3365,Balearic Islands,4
3366,Brittany,3
3367,Hobbies & Games,1
3368,Luxembourg,1
3369,Tango,2
3370,Functional Analysis,3
3371,Microsoft Word,4
3372,Microsoft Office,4
3373,Word Processing,5
3374,Secretarial Aids & Training,5
3375,Spreadsheets,4
3376,Microsoft Excel,1
3377,Pasta,1
3378,Education & Crafts,1
3379,Backpacks,1
3380,Ministry to the Sick & Bereaved,2
3381,Embroidery,12
3382,Tools,6
3383,XML,3
3384,Business School Guides,4
3385,GMAT,4
3386,Data Structures,2
3387,Spinal Cord Injuries,1
3388,Health & Stress,1
3389,Umbria,1
3390,San Marino & Umbria,1
3391,GRE,3
3392,Satellite,1
3393,Coral Reefs,1
3394,Lakes & Ponds,5
3395,Reengineering,1
3396,Darkroom & Processing,1
3397,Distribution & Warehouse Management,4
3398,Perennials,1
3399,Menstruation,1
3400,Academic Libraries,2
3401,Houses & Hotels,5
3402,AI & Machine Learning,4
3403,Group Theory,3
3404,Pilates,2
3405,Cisco,3
3406,PMP Exam,3
3407,Ruby,3
3408,Lean,2
3409,Baby Food,5
3410,English Dictionaries,1
3411,Digestive Organs,6
3412,Chorale,1
3413,Hospice & Palliative Care,1
3414,TV,2
3415,Advanced,1
3416,Repair,1
3417,Car Audio,1
3418,Needlepoint,5
3419,GURPS,1
3420,Computer Modelling,3
3421,Control Systems,3
3422,Visual Basic,3
3423,Visual C++,1
3424,Microsoft Project,1
3425,Divorce & Separation,1
3426,"Patent, Trademark & Copyright",1
3427,Intellectual Property,2
3428,Special Interests,1
3429,Music Videos & Concerts,1
3430,Educational,1
3431,Oregon,1
3432,Gender & the Law,3
3433,Health Risk Assessment,5
3434,Indonesia,3
3435,Fiber Arts & Textiles,2
3436,Arts,1
3437,Uniforms,1
3438,San Francisco,1
3439,Pokemon,2
3440,Men's Personal Growth,1
3441,VLSI & ULSI,2
3442,Sea Kayaking,2
3443,SQL Server,1
3444,Game Accessories,1
3445,Plastic & Cosmetic,1
3446,Provence,1
3447,Toy Animals,1
3448,Squash,1
3449,Hand Tools,2
3450,Budgeting,2
3451,Gluten-Free,5
3452,Adirondacks,1
3453,Micro SD Cards,1
3454,Child Development,1
3455,Jerusalem,1
3456,Soil Science,1
3457,Geophysics,6
3458,Insecticides & Pesticides,1
3459,Harlequin Love Inspired Historical,3
3460,Brass,3
3461,Harlequin Kimani TRU,6
3462,Comedy & Spoken Word,1
3463,Vascular,1
3464,Thoracic,1
3465,Thoracic & Vascular,1
3466,Solaris,1
3467,Administration & Policy,1
3468,Administration & Medicine Economics,1
3469,Aircraft Design & Construction,4
3470,Readers,1
3471,Tunisia,1
3472,Tropical Agriculture,1
3473,Theism,2
3474,Hip & Thigh Workouts,3
3475,Ballet,2
3476,Cape Town,1
3477,Electromagnetism,5
3478,Neuropsychopharmacology,1
3479,Nuclear Chemistry,1
3480,Analytic,2
3481,Blank Sheet Music,1
3482,Outdoor Recreation,4
3483,"Maternity, Perinatal & Women's Health",2
3484,Telephone Systems,1
3485,Almanacs,1
3486,Legal Theory & Systems,2
3487,Central Africa,1
3488,CLEP,1
3489,Western Europe,1
3490,Oral & Maxillofacial,1
3491,Oral Surgery,1
3492,Flowers & Landscapes,6
3493,Action & Toy Figures,1
3494,Windows,4
3495,Colored Pencil,2
3496,Acrylics,6
3497,Preschool & Kindergarten,3
3498,Foxes,1
3499,Weed & Pest Control,1
3500,Energy Efficiency,2
3501,Zambia,2
3502,3D Printing,1
3503,Vegetarian & Vegan,3
3504,Entertainment & Games,4
3505,Northeast,1
3506,Montreal,1
3507,Quebec,1
3508,Borland Delphi,1
3509,Scrabble,3
3510,Skin Cancer,1
3511,DSPs,1
3512,Gas Dynamics,1
3513,Grips,1
3514,Radar,2
3515,Caffeine,1
3516,Website Analytics,4
3517,Bhutan,2
3518,Cómics y Manga,1
3519,Windows Server,4
3520,Air Sports & Recreation,1
3521,Shanghai,1
3522,Soaps,1
3523,Salud y Familia,8
3524,Acoustics,6
3525,SharePoint,1
3526,Assembly Language Programming,1
3527,TCP-IP,1
3528,Blood Type Diets,1
3529,Dissection Equipment,1
3530,Hindi,2
3531,Folkcrafts,4
3532,"Food, Lodging & Transportation",1
3533,Natural Gas,1
3534,Coal,1
3535,Wireless Networks,1
3536,Wooden Lead Pencils,1
3537,Romania,2
3538,Mozambique,1
3539,Budapest,1
3540,Prague,1
3541,Anesthesiology,3
3542,Corfu,1
3543,Child Advocacy,1
3544,Kitchen & Dining Features,2
3545,Party Packs,1
3546,Party Games,1
3547,"Lengua, Lingüística y Redacción",2
3548,Korean,1
3549,Posters & Prints,1
3550,Fracture Mechanics,2
3551,Windows XP,1
3552,Reviews & Study Guides,3
3553,British Columbia,2
3554,Sikhism,1
3555,Corporate Governance,3
3556,Fiber,1
3557,Applique,1
3558,Notebooks & Writing Pads,1
3559,Harlequin Western Romance,3
3560,Windows Administration,2
3561,Diagnostic Imaging,1
3562,Digital Audio Production,2
3563,Bridges,2
3564,Bull Run,2
3565,Serbia & Slovenia,1
3566,Miami,1
3567,Propulsion Technology,1
3568,"Artesanía, Hobbies y Hogar",3
3569,Paleobiology,1
3570,Medical Nutrition,2
3571,Woodworking,2
3572,Stained Glass,3
3573,Mosaics,2
3574,Leathercrafts,1
3575,Off to College,1
3576,SAT,7
3577,SAT Subject Tests,2
3578,New Jersey,2
3579,Tropical Medicine,1
3580,Carpet & Carpet Tiles,1
3581,Channel Islands,1
3582,Runes,2
3583,Driver's Education,2
3584,ASVAB (Armed Forces),1
3585,Civil Service,1
3586,"Urban, State & Local Government",1
3587,New Zealand,1
3588,Aerodynamics,1
3589,Wall Calendars,1
3590,Building Types & Styles,1
3591,Adobe FrameMaker,1
3592,Disaster Preparedness,1
3593,Airport,1
3594,Hair,2
3595,Podiatry,1
3596,Potty Training,1
3597,Old West,1
3598,Venezuela,2
3599,Windows Vista,1
3600,DirectX,1
3601,Differential Geometry,1
3602,Auto & RV Travel,4
3603,Adventure & Adventurers,1
3604,Democratic Republic of Congo,2
3605,"Western Africa: Mali, Mauritania & Western Sahara",1
3606,Medicina,1
3607,Niagara Falls,1
3608,Arabic,1
3609,Quilling Strips,1
3610,Decorative Paper,1
3611,Drawing & Lettering Aids,1
3612,Practical Guides,1
3613,Cross-platform Development,1
3614,Other Databases,1
3615,Wine Collecting,1
3616,UML,3
3617,Telemarketing,2
3618,Cooking & Food,1
3619,Headaches,1
3620,Colorectal Cancer,1
3621,Lung Cancer,1
3622,Colorectal,1
3623,Domestic Relations,1
3624,Plant Design,2
3625,Purchasing & Buying,8
3626,Law Office Marketing & Advertising,1
3627,Office Automation,1
3628,Industrial Technology,3
3629,Tribology,1
3630,Automation,1
3631,Graduate Preparation,1
3632,3D Graphics,1
3633,Antiquities & Archaeology,2
3634,Transformers,1
3635,Wisdom Literature,2
3636,Oral Radiology,1
3637,Eau de Toilette,1
3638,Senior Travel,1
3639,Fabric,1
3640,Matrices,1
3641,Skin Care,1
3642,Pressure Cookers,2
3643,Machinery & Tools,1
3644,"Arbitration, Negotiation & Mediation",1
3645,Recycling,1
3646,Pipe Fittings,1
3647,High Protein,1
3648,"Beauty, Grooming & Style",1
3649,Experimental,1
3650,Aims & Objectives,1
3651,Respiratory Therapy,3
3652,Pulmonary & Thoracic Medicine,2
3653,Conflict of Laws,1
3654,Charleston,1
3655,Maine,1
3656,Telescopes,1
3657,Biomathematics,1
3658,Remodeling & Renovation,1
3659,Weaving & Spinning,1
3660,Process,1
3661,Cacti & Succulents,1
3662,Feeders,1
3663,Custom Stores,1
3664,Kids & Family,1
3665,Backgrounds,1
3666,Olympic Peninsula,1
3667,Living Wills,1
3668,WAN,1
3669,Email Administration,2
3670,Elementary School,2
3671,Death Valley,1
3672,Vector Analysis,3
3673,North Korea,1
3674,Medical Law & Legislation,1
3675,Nursing Home Care,1
3676,Lacrosse,1
3677,Shrubs,1
3678,Craft Supplies,1
3679,Hypnosis for Diets,1
3680,Superconductivity,1
3681,Hikes & Walks,3
3682,Buttons,1
3683,Myanmar,1
3684,Dutch Ovens,1
3685,"Sauces, Salsa & Garnishes",1
3686,Card Stock,1
3687,Vibrators,1
3688,OpenGL,1
3689,Brisbane,1
3690,Computer & Video Games,1
3691,Downhill,1
3692,Shops,1
3693,Lingerie,1
3694,Zohar,1
3695,Bovine Medicine,2
3696,Food Animals,2
3697,Food Animal,1
3698,Shadowrun,1
3699,Packaging,1
3700,Food Processors,1
3701,Drinks & Beverages,1
3702,Information Systems,1
3703,Remote Sensing & GIS,1
3704,Cancun & Cozumel,1
3705,Maldives,2
3706,Mongolia,1
3707,Organ Transplants,1
3708,Transplants,1
3709,Tanzania,1
3710,Vancouver,1
3711,San Jose,1
3712,Annuals,1
3713,"Friendship, Social Skills & School Life",1
3714,Eastern European,1
3715,Eau de Parfum,1
3716,Lice,1
3717,Gown,1
3718,Post-Confederation,1
3719,Boston,1
3720,Harlequin Medical Romance,2
3721,Bipolar Disorder,1
3722,CPA,1
3723,Craft Kits,1
3724,Civil War Period (1850-1877),1
3725,Home & Kitchen Features,1
3726,Minneapolis & St. Paul,1
3727,Polo,1
3728,Lawns,2
3729,Jackson Hole,1
3730,Cities & Architecture,1
3731,Fantasy & Science Fiction,1
3732,Track Betting,1
3733,Bankruptcy,1
3734,Macaroni & Cheese,1
3735,Caribbean,2
3736,"Management, Leadership & Administration",1
3737,Administration & Management,1
3738,Softball,1
3739,Microsoft Programming,1
3740,Miracles,1
3741,Hospital Administration & Care,1
3742,Windows 8,1
3743,Austria,1
3744,Vienna,1
